Workbook

Sheet Foglio1
A1: ID | B1: Età | C1: Sex | D1: Scolarità (anni) | E1: Group | F1: Full_Assessment | G1: Delusion theme | H1: Diagnosi alla dimissione_1 | I1: 1_Diagnosi alla dimissione | J1: 2_Diagnosi alla dimissione | K1: 3_Diagnosi alla dimissione | L1: Diagnosi alla dimissione_2 | M1: Diagnosis Grouping | N1: Motivo del ricovero | O1: Data di ammissione | P1: Data di dimissione | Q1: 1_Diagnosi all'ammissione | R1: 2_Diagnosi all'ammissione | S1: Terapia all'ammissione | T1: Uso di sostanze all'ammissione | U1: Tipo di sostanze all'ammissione | V1: 1_Farmaco durante ricovero | W1: 2_Farmaco durante ricovero | X1: 3_Farmaco durante ricovero | Y1: 4_Farmaco durante ricovero | Z1: 5_Farmaco durante ricovero | AA1: 6_Farmaco durante ricovero | AB1: 7_Farmaco durante ricovero | AC1: 8_Farmaco durante ricovero | AD1: 9_Farmaco durante ricovero | AE1: 10_Farmaco durante ricovero | AF1: 11_Farmaco durante ricovero | AG1: 12_Farmaco durante ricovero | AH1: 1_Terapia alla dimissione | AI1: 1_Terapia alla dimissione (dose) | AJ1: 2_Terapia alla dimissione | AK1: 2_Terapia alla dimissione (dose) | AL1: 3_Terapia alla dimissione | AM1: 3_Terapia alla dimissione (dose) | AN1: 4_Terapia alla dimissione | AO1: 4_Terapia alla dimissione (dose) | AP1: 5_Terapia alla dimissione | AQ1: 5_Terapia alla dimissione (dose) | AR1: 6_Terapia alla dimissione | AS1: 6_Terapia alla dimissione (dose) | AT1: 7_Terapia alla dimissione | AU1: 7_Terapia alla dimissione (dose) | AV1: 8_Terapia alla dimissione | AW1: 8_Terapia alla dimissione (dose) | AX1: Numero di farmaci | AY1: Antipsicotico | AZ1: Stato di TSO al momento del ricovero | BA1: Durata del ricovero (in giorni) | BB1: Numero di ricoveri (entro l'anno) | BC1: Esecuzione di contenzione fisica (Sì/No) | BD1: Presenza e tema del delirio | BE1: Sono note alterazioni a esami di imaging o EEG? | BF1: Se note alterazione a esami di imaging o EEG specificare | BG1: T0_Date | BH1: T0_BABS_1 | BI1: T0_BABS_2 | BJ1: T0_BABS_3 | BK1: T0_BABS_4 | BL1: T0_BABS_5 | BM1: T0_BABS_6 | BN1: T0_BABS_7(NO_SUM) | BO1: T0_BABS_7(NO_SUM) | BP1: T0_CGI_1 | BQ1: T0_CGI_2 | BR1: T0_CGI_3 | BS1: T0_SOFAS | BT1: T0_PANSS_p1 | BU1: T0_PANSS_p2 | BV1: T0_PANSS_p3 | BW1: T0_PANSS_p4 | BX1: T0_PANSS_p5 | BY1: T0_PANSS_p6 | BZ1: T0_PANSS_p7 | CA1: T0_PANSS_n1 | CB1: T0_PANSS_n2 | CC1: T0_PANSS_n3 | CD1: T0_PANSS_n4 | CE1: T0_PANSS_n5 | CF1: T0_PANSS_n6 | CG1: T0_PANSS_n7 | CH1: T0_PANSS_g1 | CI1: T0_PANSS_g2 | CJ1: T0_PANSS_g3 | CK1: T0_PANSS_g4 | CL1: T0_PANSS_g5 | CM1: T0_PANSS_g6 | CN1: T0_PANSS_g7 | CO1: T0_PANSS_g8 | CP1: T0_PANSS_g9 | CQ1: T0_PANSS_g10 | CR1: T0_PANSS_g11 | CS1: T0_PANSS_g12 | CT1: T0_PANSS_g13 | CU1: T0_PANSS_g14 | CV1: T0_PANSS_g15 | CW1: T0_PANSS_g16 | CX1: T0_TOT_PANSS | CY1: T0_POS_PANSS | CZ1: T0_NEG_PANSS | DA1: T0_DIS_PANSS | DB1: T0_EXC_PANSS | DC1: T0_EMO_PANSS | DD1: T0_TALD_CIRCOSTANZIALITà | DE1: T0_TALD_DERAGLIAMENTO | DF1: T0_TALD_TANGENZIALITà | DG1: T0_TALD_DISSOCIAZIONE DEL PENSIERO (INCOERENZA/DISTRAZIONE) | DH1: T0_TALD DIALOGO INTERFERENTE | DI1: T0_TALD_PERSEVERAZIONE | DJ1: T0_TALD_VERBIGERAZIONE | DK1: T0_TALD_INTERRUZIONE DEL PENSIERO | DL1: T0_TALD_ACCELERAZIONE DELL'ELOQUIO | DM1: T0_TALD_LOGORREA | DN1: T0_TALD_ELOQUIO MANIERISTICO | DO1: T0_TALD_PARAFASIA SEMANTICA | DP1: T0_TALD_PARAFASIA FONEMICA | DQ1: T0_TALD_NEOLOGISMI | DR1: T0_TALD_ASSONANZA | DS1: T0_TALD_ECOLALIA | DT1: T0_TALD_POVERTÀ DEL CONTENUTO DELL'ELOQUIO | DU1: T0_TALD_PENSIERO POLARIZZATO | DV1: T0_TALD_PENSIERO RALLENTATO | DW1: T0_TALD_POVERTà DELL'ELOQUIO | DX1: T0_TALD_CONCRETISMO | DY1: T0_TALD_BLOCCO | DZ1: T0_TALD_RUMINAZIONE | EA1: T0_TALD_POVERTà DEL PENSIERO | EB1: T0_TALD_PENSIERO INIBITO | EC1: T0_TALD_DISTURBO RECETTIVO DEL LINGUAGGIO | ED1: T0_TALD_DISTURBO_ESPRESSIVO DEL LINGUAGGIO | EE1: T0_TALD_DISFUNZIONE DELL'INIZIATIVA E DELL'INTENZIONALITà DEL PENSIERO | EF1: T0_TALD_INTERFERENZA DEL PENSIERO | EG1: T0_TALD_PRESSIONE/ACCELERAZIONE DEI PENSIERI | EH1: T0_OBJECTIVE_POSITIVE_TALD | EI1: T0_SUBJECTIVE_NEGATIVE_TALD | EJ1: T0_OBJECTIVE_NEGATIVE_TALD | EK1: T0_SUBJECTIVE_POSITIVE_TALD | EL1: T0_APACS_BRIEF_A_SOVRAINF | EM1: T0_APACS_BRIEF_A_SOTTOINF | EN1: T0_APACS_BRIEF_A_ASSENZA_REFERENTI | EO1: T0_APACS_BRIEF_A_CAMBIO_ARGOM | EP1: T0_APACS_BRIEF_A_INTERVISTA_PROP | EQ1: T0_APACS_BRIEF_A_MS | ER1: T0_APACS_BRIEF_A_DS | ES1: T0_APACS_BRIEF_A_MI | ET1: T0_APACS_BRIEF_A_DI | EU1: T0_APACS_BRIEF_A_Trascr_Fig1_Ironia | EV1: T0_APACS_BRIEF_A_Fig1_Ironia | EW1: T0_APACS_BRIEF_A_Trascr_Fig1_Idioma | EX1: T0_APACS_BRIEF_A_Fig1_Idioma | EY1: T0_APACS_BRIEF_A_BRANO_PROP | EZ1: T0_APACS_BRIEF_A_LING_FIG_1 | FA1: T0_APACS_BRIEF_A_LING_FIG_2 | FB1: T0_APACS_BRIEF_A_LING_FIG_3 | FC1: T0_APACS_BRIEF_A_LING_FIG_1_PROP | FD1: T0_APACS_BRIEF_A_UMORISMO_1 | FE1: T0_APACS_BRIEF_A_UMORISMO_2 | FF1: T0_APACS_BRIEF_A_UMORISMO_PROP | FG1: T0_APACS_BRIEF_A_Trascr_Fig2_ITEM_1 | FH1: T0_APACS_BRIEF_A_Fig2_ITEM_1 | FI1: T0_APACS_BRIEF_A_Trascr_Fig2_ITEM_2 | FJ1: T0_APACS_BRIEF_A_Fig2_ITEM_2 | FK1: T0_APACS_BRIEF_A_Trascr_Fig2_ITEM_3 | FL1: T0_APACS_BRIEF_A_Fig2_ITEM_3 | FM1: T0_APACS_BRIEF_A_Fig2_PROP | FN1: T0_APACS_BRIEF_A_PROD_PROP | FO1: T0_APACS_BRIEF_A_COMP_PROP | FP1: T0_APACS_BRIEF_A_TOTAL | FQ1: T1_Date | FR1: T1_BABS_1 | FS1: T1_BABS_2 | FT1: T1_BABS_3 | FU1: T1_BABS_4 | FV1: T1_BABS_5 | FW1: T1_BABS_6 | FX1: T1_BABS_7(NO_SUM) | FY1: T1_CGI_1 | FZ1: T1_CGI_2 | GA1: T1_CGI_3 | GB1: T1_SOFAS | GC1: T1_PANSS_p1 | GD1: T1_PANSS_p2 | GE1: T1_PANSS_p3 | GF1: T1_PANSS_p4 | GG1: T1_PANSS_p5 | GH1: T1_PANSS_p6 | GI1: T1_PANSS_p7 | GJ1: T1_PANSS_n1 | GK1: T1_PANSS_n2 | GL1: T1_PANSS_n3 | GM1: T1_PANSS_n4 | GN1: T1_PANSS_n5 | GO1: T1_PANSS_n6 | GP1: T1_PANSS_n7 | GQ1: T1_PANSS_g1 | GR1: T1_PANSS_g2 | GS1: T1_PANSS_g3 | GT1: T1_PANSS_g4 | GU1: T1_PANSS_g5 | GV1: T1_PANSS_g6 | GW1: T1_PANSS_g7 | GX1: T1_PANSS_g8 | GY1: T1_PANSS_g9 | GZ1: T1_PANSS_g10 | HA1: T1_PANSS_g11 | HB1: T1_PANSS_g12 | HC1: T1_PANSS_g13 | HD1: T1_PANSS_g14 | HE1: T1_PANSS_g15 | HF1: T1_PANSS_g16 | HG1: T1_TOT_PANSS | HH1: T1_POS_PANSS | HI1: T1_NEG_PANSS | HJ1: T1_DIS_PANSS | HK1: T1_EXC_PANSS | HL1: T1_EMO_PANSS | HM1: T1_TALD_CIRCOSTANZIALITà | HN1: T1_TALD_DERAGLIAMENTO | HO1: T1_TALD_TANGENZIALITà | HP1: T1_TALD_DISSOCIAZIONE DEL PENSIERO (INCOERENZA/DISTRAZIONE) | HQ1: T1_TALD DIALOGO INTERFERENTE | HR1: T1_TALD_PERSEVERAZIONE | HS1: T1_TALD_VERBIGERAZIONE | HT1: T1_TALD_INTERRUZIONE DEL PENSIERO | HU1: T1_TALD_ACCELERAZIONE DELL'ELOQUIO | HV1: T1_TALD_LOGORREA | HW1: T1_TALD_ELOQUIO MANIERISTICO | HX1: T1_TALD_PARAFASIA SEMANTICA | HY1: T1_TALD_PARAFASIA FONEMICA | HZ1: T1_TALD_NEOLOGISMI | IA1: T1_TALD_ASSONANZA | IB1: T1_TALD_ECOLALIA | IC1: T1_TALD_POVERTÀ DEL CONTENUTO DELL'ELOQUIO | ID1: T1_TALD_PENSIERO POLARIZZATO | IE1: T1_TALD_PENSIERO RALLENTATO | IF1: T1_TALD_POVERTà DELL'ELOQUIO | IG1: T1_TALD_CONCRETISMO | IH1: T1_TALD_BLOCCO | II1: T1_TALD_RUMINAZIONE | IJ1: T1_TALD_POVERTà DEL PENSIERO | IK1: T1_TALD_PENSIERO INIBITO | IL1: T1_TALD_DISTURBO RECETTIVO DEL LINGUAGGIO | IM1: T1_TALD_DISTURBO_ESPRESSIVO DEL LINGUAGGIO | IN1: T1_TALD_DISFUNZIONE DELL'INIZIATIVA E DELL'INTENZIONALITà DEL PENSIERO | IO1: T1_TALD_INTERFERENZA DEL PENSIERO | IP1: T1_TALD_PRESSIONE/ACCELERAZIONE DEI PENSIERI | IQ1: T1_OBJECTIVE_POSITIVE_TALD | IR1: T1_SUBJECTIVE_NEGATIVE_TALD | IS1: T1_OBJECTIVE_NEGATIVE_TALD | IT1: T1_SUBJECTIVE_POSITIVE_TALD | IU1: T1_INTERVIEW | IV1: T1_TAT_1 | IW1: T1_TAT_2 | IX1: T1_TAT_3 | IY1: T1_APACS_BRIEF_B_SOVRAINF | IZ1: T1_APACS_BRIEF_B_SOTTOINF | JA1: T1_APACS_BRIEF_B_ASSENZA_REFERENTI | JB1: T1_APACS_BRIEF_B_CAMBIO_ARGOMENTO | JC1: T1_APACS_BRIEF_B_INTERVISTA_PROP | JD1: T1_APACS_BRIEF_B_MS | JE1: T1_APACS_BRIEF_B_DS | JF1: T1_APACS_BRIEF_B_MI | JG1: T1_APACS_BRIEF_B_DI | JH1: T1_APACS_BRIEF_B_Trascr_Fig1_Met | JI1: T1_APACS_BRIEF_B_Fig1_Met | JJ1: T1_APACS_BRIEF_B_Trascr_Fig1_Ironia | JK1: T1_APACS_BRIEF_B_Fig1_Ironia | JL1: T1_APACS_BRIEF_B_BRANO_PROP | JM1: T1_APACS_BRIEF_B_LING_FIG_1 | JN1: T1_APACS_BRIEF_B_LING_FIG_2 | JO1: T1_APACS_BRIEF_B_LING_FIG_3 | JP1: T1_APACS_BRIEF_B_LING_FIG_1_PROP | JQ1: T1_APACS_BRIEF_B_UMORISMO_1 | JR1: T1_APACS_BRIEF_B_UMORISMO_2 | JS1: T1_APACS_BRIEF_B_UMORISMO_PROP | JT1: T1_APACS_BRIEF_B_Trascr_Fig2_ITEM_1 | JU1: T1_APACS_BRIEF_B_Fig2_ITEM_1 | JV1: T1_APACS_BRIEF_B_Trascr_Fig2_ITEM_2 | JW1: T1_APACS_BRIEF_B_Fig2_ITEM_2 | JX1: T1_APACS_BRIEF_B_Trascr_Fig2_ITEM_3 | JY1: T1_APACS_BRIEF_B_Fig2_ITEM_3 | JZ1: T1_APACS_BRIEF_B_Fig2_PROP | KA1: T1_APACS_BRIEF_B_PROD_PROP | KB1: T1_APACS_BRIEF_B_COMP_PROP | KC1: T1_APACS_BRIEF_B_TOTAL | KD1: T1_PMM_01_Trascrizione | KE1: PMM_01_CORR | KF1: PMM_01_INT | KG1: T1_PMM_02_Trascrizione | KH1: PMM_02_CORR | KI1: PMM_02_INT | KJ1: T1_PMM_03_Trascrizione | KK1: PMM_03_CORR | KL1: PMM_03_INT | KM1: T1_PMM_04_Trascrizione | KN1: PMM_04_CORR | KO1: PMM_04_INT | KP1: T1_PMM_05_Trascrizione | KQ1: PMM_05_CORR | KR1: PMM_05_INT | KS1: T1_PMM_06_Trascrizione | KT1: PMM_06_CORR | KU1: PMM_06_INT | KV1: T1_PMM_07_Trascrizione | KW1: PMM_07_CORR | KX1: PMM_07_INT | KY1: T1_PMM_08_Trascrizione | KZ1: PMM_08_CORR | LA1: PMM_08_INT | LB1: T1_PMM_09_Trascrizione | LC1: PMM_09_CORR | LD1: PMM_09_INT | LE1: T1_PMM_10_Trascrizione | LF1: PMM_10_CORR | LG1: PMM_10_INT | LH1: T1_PMM_11_Trascrizione | LI1: PMM_11_CORR | LJ1: PMM_11_INT | LK1: T1_PMM_12_Trascrizione | LL1: PMM_12_CORR | LM1: PMM_12_INT | LN1: T1_PMM_13_Trascrizione | LO1: PMM_13_CORR | LP1: PMM_13_INT | LQ1: T1_PMM_14_Trascrizione | LR1: PMM_14_CORR | LS1: PMM_14_INT | LT1: T1_PMM_CORR_TOT | LU1: T1_PMM_INT_TOT | LV1: WASI_CUBI | LW1: WASI_VOCABOLARIO | LX1: WASI_MATRICI | LY1: WASI_SOMIGLIANZE | LZ1: ABSTRACT_T0 | MA1: ARTIFACT_T0 | MB1: HUMAN_T0 | MC1: NATURAL_T0 | MD1: N_METAPHOR_T0 | ME1: ABSTRACT_T1 | MF1: ARTIFACT_T1 | MG1: HUMAN_T1 | MH1: NATURAL_T1 | MI1: N_METAPHOR_T1
A2: 3fff6cb254bb5874 | B2: 67 | C2: M | D2: 8 | E2: 1 | F2: Yes | G2: Bizarre | H2: 297.1 Disturbo delirante | I2: (296.3) Depressione maggiore, episodio ricorrente | J2: 297.9 Stato paranoide non specificato --Psicosi paranoide | K2: NA | L2: BBB | M2: Schizophrenia and other psychoses | N2: Riacutizzazione psicotica | O2: 45460 | P2: 45479 | Q2: CCC | R2: NA | S2: NA | T2: No | U2: NA | V2: Risperidone | W2: Paroxetina | X2: Zolpidem | Y2: Delorazepam | Z2: Lorazepam | AA2: Flurazepam | AB2: Candesartan/Idroclorotiazide | AC2: Atenololo | AD2: Simvastatina/Ezetimibe | AE2: Metformina | AF2: Empaglifozin/Linagliptin | AG2: Polifenoli | AH2: Risperidone | AI2: 6ml sol h 20 | AJ2: Paroxetina | AK2: 40mg cp h8 | AL2: Fluorazepam | AM2: 30mg cp h 22 | AN2: BBB | AO2: BBB | AP2: BBB | AQ2: BBB | AR2: BBB | AS2: BBB | AT2: BBB | AU2: BBB | AV2: BBB | AW2: BBB | AX2: 4 | AZ2: No | BA2: =(P2-O2) -> 19 | BB2: 0 | BC2: No | BD2: Voci imperative, bestemmie e insulti e pensieri di morte | BG2: 45462 | BH2: 3 | BI2: 1 | BJ2: 3 | BK2: 3 | BL2: 2 | BM2: 1 | BN2: 1 | BO2: =SUM(Foglio1!$BH2:$BM2) -> 13 | BP2: 4 | BQ2: 2 | BR2: 5 | BS2: 61 | BT2: 3 | BU2: 1 | BV2: 4 | BW2: 1 | BX2: 1 | BY2: 1 | BZ2: 1 | CA2: 2 | CB2: 3 | CC2: 3 | CD2: 3 | CE2: 3 | CF2: 2 | CG2: 2 | CH2: 1 | CI2: 3 | CJ2: 4 | CK2: 3 | CL2: 1 | CM2: 2 | CN2: 2 | CO2: 1 | CP2: 3 | CQ2: 1 | CR2: 1 | CS2: 1 | CT2: 1 | CU2: 1 | CV2: 3 | CW2: 3 | CX2: =SUM(Foglio1!$BT2:$CW2) -> 61 | CY2: =SUM(Foglio1!$BT2+Foglio1!$BV2+Foglio1!$CP2+Foglio1!$BY2+Foglio1!$BX2+Foglio1!$CH2+Foglio1!$CS2+Foglio1!$CW2-Foglio1!$CE2) -> 14 | CZ2: =SUM(Foglio1!$CF2+Foglio1!$CA2+Foglio1!$CB2+Foglio1!$CD2+Foglio1!$CN2+Foglio1!$CC2+Foglio1!$CW2+Foglio1!$CO2+Foglio1!$CT2-Foglio1!$BU2) -> 19 | DA2: =SUM(Foglio1!$CG2+Foglio1!$CR2+Foglio1!$CQ2+Foglio1!$BU2+Foglio1!$CE2+Foglio1!$CL2+Foglio1!$CS2+Foglio1!$CT2+Foglio1!$CV2+Foglio1!$CP2) -> 17 | DB2: =SUM(Foglio1!$CU2+Foglio1!$BW2+Foglio1!$BZ2+Foglio1!$CO2+Foglio1!$BX2+Foglio1!$CC2+Foglio1!$CK2+Foglio1!$CW2) -> 14 | DC2: =SUM(Foglio1!$CI2+Foglio1!$CM2+Foglio1!$CJ2+Foglio1!$CK2+Foglio1!$BY2+Foglio1!$CH2+Foglio1!$CV2+Foglio1!$CW2) -> 20 | DD2: 1 | DE2: 0 | DF2: 0 | DG2: 0 | DH2: 0 | DI2: 1 | DJ2: 0 | DK2: 0 | DL2: 0 | DM2: 0 | DN2: 1 | DO2: 0 | DP2: 0 | DQ2: 0 | DR2: 0 | DS2: 0 | DT2: 2 | DU2: 0 | DV2: 2 | DW2: 0 | DX2: 3 | DY2: CCC | DZ2: CCC | EA2: CCC | EB2: CCC | EC2: CCC | ED2: CCC | EE2: CCC | EF2: CCC | EG2: CCC | EH2: =(Foglio1!$DE2+Foglio1!$DH2+Foglio1!$DG2+Foglio1!$DF2+Foglio1!$DM2+Foglio1!$DD2+Foglio1!$DO2+Foglio1!$DL2+Foglio1!$DN2+Foglio1!$DQ2+Foglio1!$DP2+Foglio1!$DT2+Foglio1!$DI2+Foglio1!$DK2+Foglio1!$DU2) -> 5 | EI2: =(Foglio1!$EA2+Foglio1!$EB2+Foglio1!$EE2+Foglio1!$EC2+Foglio1!$ED2+Foglio1!$DZ2+Foglio1!$DY2) -> #VALUE! | EJ2: =(Foglio1!$DW2+Foglio1!$DV2+Foglio1!$DX2) -> 5 | EK2: =(Foglio1!$EG2+Foglio1!$EF2) -> #VALUE! | EL2: 1 | EM2: 0 | EN2: 1 | EO2: 0 | EP2: {=SUM(EL2:EO2/4)} -> 0.5 | EQ2: 1 | ER2: 1 | ES2: 1 | ET2: 1 | EU2: se ci sono i cinghiali hanno paura che li aggrediscono | EV2: 0 | EW2: che sistemano la situazione, i cinghiali li devono fare fuori | EX2: 1 | EY2: =(Foglio1!$EQ2+Foglio1!$ER2+Foglio1!$ES2+Foglio1!$ET2+Foglio1!$EV2+Foglio1!$EX2)/6 -> 0.83333333 | EZ2: 0 | FA2: 0 | FB2: 0 | FC2: =(Foglio1!$EZ2+Foglio1!$FA2+Foglio1!$FB2)/3 -> 0 | FD2: 1 | FE2: 1 | FF2: =(Foglio1!$FD2+Foglio1!$FE2)/2 -> 1 | FG2: Hanno tanti libri che aiutano il sapere | FH2: 0 | FI2: Qualcuno che ruba è cleptomane | FJ2: 0 | FK2: Ci sono da fare le preghiere, il pane serve per mangiare e le preghiere per lo spirito | FL2: 0 | FM2: =(Foglio1!$FH2+Foglio1!$FJ2+Foglio1!$FL2)/3 -> 0 | FN2: =(Foglio1!$EP2) -> 0.5 | FO2: =(Foglio1!$EY2+Foglio1!$FC2+Foglio1!$FF2+Foglio1!$FM2)/4 -> 0.45833333 | FP2: =(Foglio1!$EP2+Foglio1!$EY2+Foglio1!$FC2+Foglio1!$FF2+Foglio1!$FM2)/5 -> 0.46666667 | FQ2: 45475 | FR2: 1 | FS2: 1 | FT2: 0 | FU2: 1 | FV2: 0 | FW2: 0 | FX2: 2 | FY2: 3 | FZ2: 2 | GA2: 6 | GB2: 61 | GC2: 2 | GD2: 0 | GE2: 3 | GF2: 0 | GG2: 0 | GH2: 2 | GI2: 0 | GJ2: 3 | GK2: 2 | GL2: 3 | GM2: 3 | GN2: 2 | GO2: 3 | GP2: 0 | GQ2: 3 | GR2: 2 | GS2: 3 | GT2: 2 | GU2: 0 | GV2: 2 | GW2: 2 | GX2: 0 | GY2: 2 | GZ2: 0 | HA2: 0 | HB2: 0 | HC2: 2 | HD2: 0 | HE2: 3 | HF2: 2 | HG2: =SUM(GC2:HF2) -> 46 | HH2: =SUM(GC2+GE2+GY2+GH2+GG2+GQ2+HB2+HF2-GN2) -> 12 | HI2: =SUM(GO2+GJ2+GK2+GM2+GW2+GL2+HF2+GX2+HC2-GD2) -> 20 | HJ2: =SUM(GP2+HA2+GZ2+GD2+GN2+GU2+HB2+HC2+HE2+GY2) -> 9 | HK2: =SUM(HD2+GF2+GI2+GX2+GG2+GL2+GT2+HF2) -> 7 | HL2: =SUM(GR2+GV2+GS2+GT2+GH2+GQ2+HE2+HF2) -> 19 | HM2: 0 | HN2: 0 | HO2: 0 | HP2: 0 | HQ2: 0 | HR2: 0 | HS2: 0 | HT2: 1 | HU2: 0 | HV2: 0 | HW2: 0 | HX2: 0 | HY2: 0 | HZ2: 0 | IA2: 0 | IB2: 0 | IC2: 0 | ID2: 0 | IE2: 3 | IF2: 0 | IG2: 2 | IH2: CCC | II2: CCC | IJ2: CCC | IK2: CCC | IL2: CCC | IM2: CCC | IN2: CCC | IO2: CCC | IP2: CCC | IQ2: CCC | IR2: CCC | IS2: CCC | IT2: CCC | IU2: AAA | IV2: AAA | IW2: AAA | IX2: AAA | IY2: 1 | IZ2: 0 | JA2: 1 | JB2: 1 | JC2: =(Foglio1!$IY2+Foglio1!$IZ2+Foglio1!$JA2+Foglio1!$JB2)/4 -> 0.75 | JD2: 0 | JE2: 0 | JF2: 0 | JG2: 0 | JH2: è un fiore all'occhiello | JI2: 0 | JJ2: che vengono a lavorare dal comune | JK2: 0 | JL2: =(Foglio1!$JD2+Foglio1!$JE2+Foglio1!$JF2+Foglio1!$JG2+Foglio1!$JI2+Foglio1!$JK2)/6 -> 0 | JM2: 1 | JN2: 0 | JO2: 1 | JP2: =(Foglio1!$JM2+Foglio1!$JN2+Foglio1!$JO2)/3 -> 0.66666667 | JQ2: 0 | JR2: 0 | JS2: =(Foglio1!$JQ2+Foglio1!$JR2)/2 -> 0 | JT2: vogliono approfittare di qualcun altro | JU2: 0 | JV2: è un cane buono | JW2: 0 | JX2: c'è la testa, la croce | JY2: 0 | JZ2: =(Foglio1!$JU2+Foglio1!$JW2+Foglio1!$JY2)/3 -> 0 | KA2: =(Foglio1!$JC2) -> 0.75 | KB2: =(Foglio1!$JL2+Foglio1!$JP2+Foglio1!$JS2+Foglio1!$JZ2)/4 -> 0.16666667 | KC2: =(Foglio1!$JC2+Foglio1!$JL2+Foglio1!$JP2+Foglio1!$JS2+Foglio1!$JZ2)/5 -> 0.28333333 | KD2: vanno da una parte all'altra | KE2: 0 | KF2: 1 | KG2: sono come il grano, sono belle | KH2: 0 | KI2: 1 | KJ2: sono il bastone della vecchiaia | KK2: 1 | KL2: 2 | KP2: ti possono salvare nel momento del bisogno | KQ2: 2 | KR2: 3 | KS2: sono lenti | KT2: 2 | KU2: 1 | KV2: è grosso | KW2: 1 | KX2: 1 | KY2: vanno in giro con la testa | KZ2: 1 | LA2: 2 | LB2: sono bravi a cantare | LC2: 2 | LD2: 1 | LE2: sono i bastoni della vecchiaia | LF2: 0 | LG2: 2 | LH2: stanno sempre al sole | LI2: 2 | LJ2: 1 | LK2: si danno delle arie | LL2: 2 | LM2: 3 | LN2: sono piccoli | LO2: 1 | LP2: 1 | LQ2: hanno il senso del sapere | LR2: 1 | LS2: 2 | LT2: =(Foglio1!$KE2+Foglio1!$KH2+Foglio1!$KK2+Foglio1!$KN2+Foglio1!$KQ2+Foglio1!$KT2+Foglio1!$KW2+Foglio1!$KZ2+Foglio1!$LC2+Foglio1!$LF2+Foglio1!$LI2+Foglio1!$LL2+Foglio1!$LO2+Foglio1!$LR2) -> 15 | LU2: =(Foglio1!$KI2+Foglio1!$KF2+Foglio1!$KL2+Foglio1!$KO2+Foglio1!$KR2+Foglio1!$KU2+Foglio1!$KX2+Foglio1!$LA2+Foglio1!$LD2+Foglio1!$LG2+Foglio1!$LJ2+Foglio1!$LM2+Foglio1!$LP2+Foglio1!$LS2) -> 21 | LV2: 6 | LW2: 27 | LX2: 7 | LY2: 19 | LZ2: 1 | MA2: 2 | MB2: 3 | MC2: 0 | MD2: =SUM(LZ2:MC2) -> 6 | ME2: 0 | MF2: 2 | MG2: 2 | MH2: 0 | MI2: =SUM(ME2:MH2) -> 4
A3: 65ab2c5204d71127 | B3: 58 | C3: F | D3: 8 | E3: 1 | F3: Yes | G3: Persecutory | H3: 297.1 Disturbo delirante | I3: (297.1) Disturbo delirante | J3: BBB | K3: NA | L3: BBB | M3: Schizophrenia and other psychoses | N3: Scompenso psicotico | O3: 45460 | P3: 45475 | Q3: Disturbo delirante | R3: NA | S3: Olanzapina | T3: Sì | U3: Alcool | V3: Olanzapina | W3: Paliperidone | X3: Aloperidolo | Y3: Promazina | Z3: Delorazepam | AA3: Tiamina | AH3: Paliperidone | AI3: 6 mg | AJ3: BBB | AK3: BBB | AL3: BBB | AM3: BBB | AN3: BBB | AO3: BBB | AP3: BBB | AQ3: BBB | AR3: BBB | AS3: BBB | AT3: BBB | AU3: BBB | AV3: BBB | AW3: BBB | AX3: 1 | AZ3: Sì | BA3: =(P3-O3) -> 15 | BB3: 0 | BC3: No | BD3: Vicini di casa le fanno dispetti | BE3: No | BF3: NA | BG3: 45460 | BH3: 3 | BI3: 1 | BJ3: 3 | BK3: 3 | BL3: 2 | BM3: 4 | BN3: 3 | BO3: =SUM(Foglio1!$BH3:$BM3) -> 16 | BP3: 5 | BQ3: 3 | BR3: 9 | BS3: 51 | BT3: 4 | BU3: 3 | BV3: 3 | BW3: 2 | BX3: 1 | BY3: 5 | BZ3: 3 | CA3: 1 | CB3: 1 | CC3: 1 | CD3: 2 | CE3: 3 | CF3: 4 | CG3: 5 | CH3: 2 | CI3: 1 | CJ3: 2 | CK3: 2 | CL3: 4 | CM3: 2 | CN3: 1 | CO3: 3 | CP3: 4 | CQ3: 1 | CR3: 1 | CS3: 3 | CT3: 1 | CU3: 4 | CV3: 3 | CW3: 3 | CX3: =SUM(Foglio1!$BT3:$CW3) -> 75 | CY3: =SUM(Foglio1!$BT3+Foglio1!$BV3+Foglio1!$CP3+Foglio1!$BY3+Foglio1!$BX3+Foglio1!$CH3+Foglio1!$CS3+Foglio1!$CW3-Foglio1!$CE3) -> 22 | CZ3: =SUM(Foglio1!$CF3+Foglio1!$CA3+Foglio1!$CB3+Foglio1!$CD3+Foglio1!$CN3+Foglio1!$CC3+Foglio1!$CW3+Foglio1!$CO3+Foglio1!$CT3-Foglio1!$BU3) -> 14 | DA3: =SUM(Foglio1!$CG3+Foglio1!$CR3+Foglio1!$CQ3+Foglio1!$BU3+Foglio1!$CE3+Foglio1!$CL3+Foglio1!$CS3+Foglio1!$CT3+Foglio1!$CV3+Foglio1!$CP3) -> 28 | DB3: =SUM(Foglio1!$CU3+Foglio1!$BW3+Foglio1!$BZ3+Foglio1!$CO3+Foglio1!$BX3+Foglio1!$CC3+Foglio1!$CK3+Foglio1!$CW3) -> 19 | DC3: =SUM(Foglio1!$CI3+Foglio1!$CM3+Foglio1!$CJ3+Foglio1!$CK3+Foglio1!$BY3+Foglio1!$CH3+Foglio1!$CV3+Foglio1!$CW3) -> 20 | DD3: 0 | DE3: 0 | DF3: 0 | DG3: 0 | DH3: 0 | DI3: 0 | DJ3: 0 | DK3: 0 | DL3: 0 | DM3: 0 | DN3: 0 | DO3: 0 | DP3: 0 | DQ3: 0 | DR3: 0 | DS3: 0 | DT3: 1 | DU3: 0 | DV3: 0 | DW3: 0 | DX3: 2 | DY3: CCC | DZ3: CCC | EA3: CCC | EB3: CCC | EC3: CCC | ED3: CCC | EE3: CCC | EF3: CCC | EG3: CCC | EH3: =(Foglio1!$DE3+Foglio1!$DH3+Foglio1!$DG3+Foglio1!$DF3+Foglio1!$DM3+Foglio1!$DD3+Foglio1!$DO3+Foglio1!$DL3+Foglio1!$DN3+Foglio1!$DQ3+Foglio1!$DP3+Foglio1!$DT3+Foglio1!$DI3+Foglio1!$DK3+Foglio1!$DU3) -> 1 | EI3: =(Foglio1!$EA3+Foglio1!$EB3+Foglio1!$EE3+Foglio1!$EC3+Foglio1!$ED3+Foglio1!$DZ3+Foglio1!$DY3) -> #VALUE! | EJ3: =(Foglio1!$DW3+Foglio1!$DV3+Foglio1!$DX3) -> 2 | EK3: =(Foglio1!$EG3+Foglio1!$EF3) -> #VALUE! | EL3: 1 | EM3: 0 | EN3: 1 | EO3: 1 | EP3: {=SUM(EL3:EO3/4)} -> 0.75 | EQ3: 0 | ER3: 0 | ES3: 1 | ET3: 0 | EU3: i negozi di paese chiusi e poi ci sono i centri commerciali | EV3: 0 | EW3: per grestire cose nuove il sindaco ha fatto cose utili | EX3: 0 | EY3: =(Foglio1!$EQ3+Foglio1!$ER3+Foglio1!$ES3+Foglio1!$ET3+Foglio1!$EV3+Foglio1!$EX3)/6 -> 0.16666667 | EZ3: 1 | FA3: 1 | FB3: 1 | FC3: =(Foglio1!$EZ3+Foglio1!$FA3+Foglio1!$FB3)/3 -> 1 | FD3: 0 | FE3: 1 | FF3: =(Foglio1!$FD3+Foglio1!$FE3)/2 -> 0.5 | FG3: si può allargare l'immaginazione anche leggendo un libro | FH3: 0 | FI3: l'adulterio, se lasci una cosa gli altri te la possono prendere | FJ3: 0 | FK3: non sa rispondere | FL3: 0 | FM3: =(Foglio1!$FH3+Foglio1!$FJ3+Foglio1!$FL3)/3 -> 0 | FN3: =(Foglio1!$EP3) -> 0.75 | FO3: =(Foglio1!$EY3+Foglio1!$FC3+Foglio1!$FF3+Foglio1!$FM3)/4 -> 0.41666667 | FP3: =(Foglio1!$EP3+Foglio1!$EY3+Foglio1!$FC3+Foglio1!$FF3+Foglio1!$FM3)/5 -> 0.48333333 | FQ3: 45474 | FR3: 2 | FS3: 2 | FT3: 1 | FU3: 2 | FV3: 1 | FW3: 3 | FX3: 3 | FY3: 3 | FZ3: 2 | GA3: 6 | GB3: 61 | GC3: 2 | GD3: 0 | GE3: 0 | GF3: 1 | GG3: 0 | GH3: 3 | GI3: 2 | GJ3: 2 | GK3: 0 | GL3: 2 | GM3: 3 | GN3: 3 | GO3: 0 | GP3: 0 | GQ3: 0 | GR3: 2 | GS3: 2 | GT3: 3 | GU3: 0 | GV3: 2 | GW3: 0 | GX3: 0 | GY3: 2 | GZ3: 0 | HA3: 2 | HB3: 2 | HC3: 0 | HD3: 0 | HE3: 2 | HF3: 2 | HG3: =SUM(GC3:HF3) -> 37 | HH3: =SUM(GC3+GE3+GY3+GH3+GG3+GQ3+HB3+HF3-GN3) -> 8 | HI3: =SUM(GO3+GJ3+GK3+GM3+GW3+GL3+HF3+GX3+HC3-GD3) -> 9 | HJ3: =SUM(GP3+HA3+GZ3+GD3+GN3+GU3+HB3+HC3+HE3+GY3) -> 11 | HK3: =SUM(HD3+GF3+GI3+GX3+GG3+GL3+GT3+HF3) -> 10 | HL3: =SUM(GR3+GV3+GS3+GT3+GH3+GQ3+HE3+HF3) -> 16 | HM3: 2 | HN3: 0 | HO3: 1 | HP3: 0 | HQ3: 0 | HR3: 0 | HS3: 0 | HT3: 0 | HU3: 0 | HV3: 0 | HW3: 0 | HX3: 0 | HY3: 0 | HZ3: 0 | IA3: 0 | IB3: 0 | IC3: 0 | ID3: 0 | IE3: 0 | IF3: 0 | IG3: 2 | IH3: CCC | II3: CCC | IJ3: CCC | IK3: CCC | IL3: CCC | IM3: CCC | IN3: CCC | IO3: CCC | IP3: CCC | IQ3: CCC | IR3: CCC | IS3: CCC | IT3: CCC | IU3: AAA | IV3: AAA | IW3: AAA | IX3: AAA | IY3: 1 | IZ3: 1 | JA3: 0 | JB3: 1 | JC3: =(Foglio1!$IY3+Foglio1!$IZ3+Foglio1!$JA3+Foglio1!$JB3)/4 -> 0.75 | JD3: 1 | JE3: 1 | JF3: 1 | JG3: 1 | JH3: le opere d'arte sono considerate patrimonio dell'unesco | JI3: 0 | JJ3: se riesce a rimanere aperto più ore magari si possono turnare delle persone | JK3: 0 | JL3: =(Foglio1!$JD3+Foglio1!$JE3+Foglio1!$JF3+Foglio1!$JG3+Foglio1!$JI3+Foglio1!$JK3)/6 -> 0.66666667 | JM3: 0 | JN3: 1 | JO3: 0 | JP3: =(Foglio1!$JM3+Foglio1!$JN3+Foglio1!$JO3)/3 -> 0.33333333 | JQ3: 0 | JR3: 0 | JS3: =(Foglio1!$JQ3+Foglio1!$JR3)/2 -> 0 | JT3: perseguitano le persone affinché scrivono cose anche non vere su certi argomenti | JU3: 0 | JV3: io mi arrabbio mi arrabbio ma poi mi quieto, sono così | JW3: 0 | JX3: può essere così oppure in modo diverso, visto in determinate prospettive | JY3: 0 | JZ3: =(Foglio1!$JU3+Foglio1!$JW3+Foglio1!$JY3)/3 -> 0 | KA3: =(Foglio1!$JC3) -> 0.75 | KB3: =(Foglio1!$JL3+Foglio1!$JP3+Foglio1!$JS3+Foglio1!$JZ3)/4 -> 0.25 | KC3: =(Foglio1!$JC3+Foglio1!$JL3+Foglio1!$JP3+Foglio1!$JS3+Foglio1!$JZ3)/5 -> 0.35 | KD3: sono un po' variabili | KE3: 2 | KF3: 2 | KG3: sono un po' chiuse, spinose ma se riescono a trovare qualcuno dolce che le convince ad aprirsi riescono a risolvere poblemmi | KH3: 1 | KI3: 3 | KJ3: dovrebbero sorreggere la vecchiaia dei propri genitori | KK3: 2 | KL3: 2 | KM3: qualcosa di magico, fantasioso anche | KN3: 0 | KO3: 0 | KP3: sono veramente amici che ti sorreggono in momenti difficili | KQ3: 2 | KR3: 3 | KS3: sono lenti nei movimenti ma hanno la saggezza di tante cose | KT3: 2 | KU3: 2 | KV3: ha preso un cazzotto nell'occhio | KW3: 2 | KX3: 1 | KY3: possono vedere il mondo in varie prospettive | KZ3: 2 | LA3: 3 | LB3: sono dotati di una buona vocalità | LC3: 2 | LD3: 1 | LE3: dovrebbero essere pilastri | LF3: 0 | LG3: 0 | LH3: stanno ad oziare ma nel momento del bisogno lo fanno | LI3: 0 | LJ3: 1 | LK3: fanno tutta comunella e poi alla fine decidono tutto loro | LL3: 0 | LM3: 2 | LN3: cicciottelli da schiacciare | LO3: 2 | LP3: 1 | LQ3: tante indicazioni sul futuro dello studio dopo le medie | LR3: 1 | LS3: 2 | LT3: =(Foglio1!$KE3+Foglio1!$KH3+Foglio1!$KK3+Foglio1!$KN3+Foglio1!$KQ3+Foglio1!$KT3+Foglio1!$KW3+Foglio1!$KZ3+Foglio1!$LC3+Foglio1!$LF3+Foglio1!$LI3+Foglio1!$LL3+Foglio1!$LO3+Foglio1!$LR3) -> 18 | LU3: =(Foglio1!$KI3+Foglio1!$KF3+Foglio1!$KL3+Foglio1!$KO3+Foglio1!$KR3+Foglio1!$KU3+Foglio1!$KX3+Foglio1!$LA3+Foglio1!$LD3+Foglio1!$LG3+Foglio1!$LJ3+Foglio1!$LM3+Foglio1!$LP3+Foglio1!$LS3) -> 23 | LV3: 14 | LW3: 21 | LX3: 8 | LY3: 22 | LZ3: 0 | MA3: 0 | MB3: 2 | MC3: 0 | MD3: =SUM(LZ3:MC3) -> 2 | ME3: 0 | MF3: 0 | MG3: 0 | MH3: 0 | MI3: =SUM(ME3:MH3) -> 0
A4: f31729fad7196a97 | B4: 36 | C4: F | D4: 5 | E4: 0 | F4: No | G4: BBB | H4: AAA | L4: BBB | M4: AAA | N4: AAA | O4: AAA | P4: AAA | Q4: CCC | AH4: AAA | AI4: AAA | AJ4: AAA | AK4: AAA | AL4: AAA | AM4: AAA | AN4: AAA | AO4: AAA | AP4: AAA | AQ4: AAA | AR4: AAA | AS4: AAA | AT4: AAA | AU4: AAA | AV4: AAA | AW4: AAA | AX4: AAA | AZ4: AAA | BA4: AAA | BG4: AAA | BH4: BBB | BI4: BBB | BJ4: BBB | BK4: BBB | BL4: BBB | BM4: BBB | BN4: BBB | BO4: BBB | BP4: 0 | BQ4: 0 | BR4: 0 | BS4: AAA | BT4: AAA | BU4: AAA | BV4: AAA | BW4: AAA | BX4: AAA | BY4: AAA | BZ4: AAA | CA4: AAA | CB4: AAA | CC4: AAA | CD4: AAA | CE4: AAA | CF4: AAA | CG4: AAA | CH4: AAA | CI4: AAA | CJ4: AAA | CK4: AAA | CL4: AAA | CM4: AAA | CN4: AAA | CO4: AAA | CP4: AAA | CQ4: AAA | CR4: AAA | CS4: AAA | CT4: AAA | CU4: AAA | CV4: AAA | CW4: AAA | CX4: =SUM(Foglio1!$BT4:$CW4) -> 0 | CY4: =SUM(Foglio1!$BT4+Foglio1!$BV4+Foglio1!$CP4+Foglio1!$BY4+Foglio1!$BX4+Foglio1!$CH4+Foglio1!$CS4+Foglio1!$CW4-Foglio1!$CE4) -> #VALUE! | CZ4: =SUM(Foglio1!$CF4+Foglio1!$CA4+Foglio1!$CB4+Foglio1!$CD4+Foglio1!$CN4+Foglio1!$CC4+Foglio1!$CW4+Foglio1!$CO4+Foglio1!$CT4-Foglio1!$BU4) -> #VALUE! | DA4: =SUM(Foglio1!$CG4+Foglio1!$CR4+Foglio1!$CQ4+Foglio1!$BU4+Foglio1!$CE4+Foglio1!$CL4+Foglio1!$CS4+Foglio1!$CT4+Foglio1!$CV4+Foglio1!$CP4) -> #VALUE! | DB4: =SUM(Foglio1!$CU4+Foglio1!$BW4+Foglio1!$BZ4+Foglio1!$CO4+Foglio1!$BX4+Foglio1!$CC4+Foglio1!$CK4+Foglio1!$CW4) -> #VALUE! | DC4: =SUM(Foglio1!$CI4+Foglio1!$CM4+Foglio1!$CJ4+Foglio1!$CK4+Foglio1!$BY4+Foglio1!$CH4+Foglio1!$CV4+Foglio1!$CW4) -> #VALUE! | DD4: 3 | DE4: 3 | DF4: 3 | DG4: 1 | DH4: 0 | DI4: 0 | DJ4: 2 | DK4: 0 | DL4: 0 | DM4: 0 | DN4: 0 | DO4: 0 | DP4: 0 | DQ4: 0 | DR4: 0 | DS4: 0 | DT4: 3 | DU4: 0 | DV4: 0 | DW4: 0 | DX4: 1 | DY4: 0 | DZ4: 0 | EA4: 0 | EB4: 0 | EC4: 0 | ED4: 0 | EE4: 0 | EF4: 0 | EG4: 0 | EH4: =(Foglio1!$DE4+Foglio1!$DH4+Foglio1!$DG4+Foglio1!$DF4+Foglio1!$DM4+Foglio1!$DD4+Foglio1!$DO4+Foglio1!$DL4+Foglio1!$DN4+Foglio1!$DQ4+Foglio1!$DP4+Foglio1!$DT4+Foglio1!$DI4+Foglio1!$DK4+Foglio1!$DU4) -> 13 | EI4: =(Foglio1!$EA4+Foglio1!$EB4+Foglio1!$EE4+Foglio1!$EC4+Foglio1!$ED4+Foglio1!$DZ4+Foglio1!$DY4) -> 0 | EJ4: =(Foglio1!$DW4+Foglio1!$DV4+Foglio1!$DX4) -> 1 | EK4: =(Foglio1!$EG4+Foglio1!$EF4) -> 0 | EL4: 1 | EM4: 1 | EN4: 0 | EO4: 1 | EP4: {=SUM(EL4:EO4/4)} -> 0.75 | EQ4: 1 | ER4: 0 | ES4: 0 | ET4: 0 | EU4: AAA | EV4: 0 | EW4: AAA | EX4: 0 | EY4: =(Foglio1!$EQ4+Foglio1!$ER4+Foglio1!$ES4+Foglio1!$ET4+Foglio1!$EV4+Foglio1!$EX4)/6 -> 0.16666667 | EZ4: 0 | FA4: 0 | FB4: 0 | FC4: =(Foglio1!$EZ4+Foglio1!$FA4+Foglio1!$FB4)/3 -> 0 | FD4: 0 | FE4: 0 | FF4: =(Foglio1!$FD4+Foglio1!$FE4)/2 -> 0 | FG4: AAA | FH4: 0 | FI4: AAA | FJ4: 0 | FK4: AAA | FL4: 0 | FM4: =(Foglio1!$FH4+Foglio1!$FJ4+Foglio1!$FL4)/3 -> 0 | FN4: =(Foglio1!$EP4) -> 0.75 | FO4: =(Foglio1!$EY4+Foglio1!$FC4+Foglio1!$FF4+Foglio1!$FM4)/4 -> 0.041666667 | FP4: =(Foglio1!$EP4+Foglio1!$EY4+Foglio1!$FC4+Foglio1!$FF4+Foglio1!$FM4)/5 -> 0.18333333 | FR4: AAA | FS4: AAA | FT4: AAA | FU4: AAA | FV4: AAA | FW4: AAA | FX4: AAA | FY4: AAA | FZ4: AAA | GA4: AAA | GB4: AAA | GC4: AAA | GD4: AAA | GE4: AAA | GF4: AAA | GG4: AAA | GH4: AAA | GI4: AAA | GJ4: AAA | GK4: AAA | GL4: AAA | GM4: AAA | GN4: AAA | GO4: AAA | GP4: AAA | GQ4: AAA | GR4: AAA | GS4: AAA | GT4: AAA | GU4: AAA | GV4: AAA | GW4: AAA | GX4: AAA | GY4: AAA | GZ4: AAA | HA4: AAA | HB4: AAA | HC4: AAA | HD4: AAA | HE4: AAA | HF4: AAA | HG4: AAA | HH4: AAA | HI4: AAA | HJ4: AAA | HK4: AAA | HL4: AAA | HM4: BBB | HN4: BBB | HO4: BBB | HP4: BBB | HQ4: BBB | HR4: BBB | HS4: BBB | HT4: BBB | HU4: BBB | HV4: BBB | HW4: BBB | HX4: BBB | HY4: BBB | HZ4: BBB | IA4: BBB | IB4: BBB | IC4: BBB | ID4: BBB | IE4: BBB | IF4: BBB | IG4: BBB | IH4: BBB | II4: BBB | IJ4: BBB | IK4: BBB | IL4: BBB | IM4: BBB | IN4: BBB | IO4: BBB | IP4: BBB | IQ4: BBB | IR4: BBB | IS4: BBB | IT4: BBB | IU4: BBB | IV4: BBB | IW4: BBB | IX4: BBB | IY4: BBB | IZ4: BBB | JA4: BBB | JB4: BBB | JC4: BBB | JD4: BBB | JE4: BBB | JF4: BBB | JG4: BBB | JH4: BBB | JI4: BBB | JJ4: BBB | JK4: BBB | JL4: BBB | JM4: BBB | JN4: BBB | JO4: BBB | JP4: BBB | JQ4: BBB | JR4: BBB | JS4: BBB | JT4: BBB | JU4: BBB | JV4: BBB | JW4: BBB | JX4: BBB | JY4: BBB | JZ4: BBB | KA4: BBB | KB4: BBB | KC4: BBB | KD4: BBB | KE4: BBB | KF4: BBB | KG4: BBB | KH4: BBB | KI4: BBB | KJ4: BBB | KK4: BBB | KL4: BBB | KM4: BBB | KN4: BBB | KO4: BBB | KP4: BBB | KQ4: BBB | KR4: BBB | KS4: BBB | KT4: BBB | KU4: BBB | KV4: BBB | KW4: BBB | KX4: BBB | KY4: BBB | KZ4: BBB | LA4: BBB | LB4: BBB | LC4: BBB | LD4: BBB | LE4: BBB | LF4: BBB | LG4: BBB | LH4: BBB | LI4: BBB | LJ4: BBB | LK4: BBB | LL4: BBB | LM4: BBB | LN4: BBB | LO4: BBB | LP4: BBB | LQ4: BBB | LR4: BBB | LS4: BBB | LT4: BBB | LU4: BBB | LV4: BBB | LW4: BBB | LX4: BBB | LY4: BBB | LZ4: 0 | MA4: 1 | MB4: 1 | MC4: 0 | MD4: =SUM(LZ4:MC4) -> 2 | ME4: 0 | MF4: 2 | MG4: 0 | MH4: 0 | MI4: =SUM(ME4:MH4) -> 2
A5: 724b87d338f7d91f | B5: 41 | C5: M | D5: 13 | E5: 1 | F5: Yes | G5: Somatic | H5: 296.82 Disturbo depressivo atipico | I5: (296.82) Disturbo depressivo atipico | J5: (301.9) Disturbo di personalita' non specificato | K5: (305.02) Abuso di alcool, episodico | L5: 301.9 Disturbo di personalita' non specificato | M5: Affective disorders | N5: Pensieri autolesivi e polarizzazione dell'attenzione su aspetti somatici | O5: 45451 | P5: 45470 | Q5: Sindrome depressiva atipica | R5: NA | S5: NA | T5: Sì | U5: Alcool | V5: Amisulpride | W5: Mirtazapina | X5: Venlafaxina | Y5: Delorazepam | Z5: Zolpidem | AA5: Idrossina | AB5: Gabapentin | AC5: Docixilina | AD5: Finasteride | AE5: Gentamicina | AH5: Mirtazapina | AI5: 15mg cp h 20 | AJ5: Amisulpride | AK5: 200mg cp h 20 | AL5: Gabapentin | AM5: 200mg cp h 20 | AN5: BBB | AO5: BBB | AP5: BBB | AQ5: BBB | AR5: BBB | AS5: BBB | AT5: BBB | AU5: BBB | AV5: BBB | AW5: BBB | AX5: 3 | AZ5: No | BA5: =(P5-O5) -> 19 | BB5: 0 | BC5: No | BD5: Viso e corpo ricoperti da foruncoli | BE5: No | BF5: NA | BG5: 45460 | BH5: 4 | BI5: 1 | BJ5: 3 | BK5: 3 | BL5: 4 | BM5: 4 | BN5: 0 | BO5: =SUM(Foglio1!$BH5:$BM5) -> 19 | BP5: 4 | BQ5: 2 | BR5: 5 | BS5: 41 | BT5: 3 | BU5: 1 | BV5: 3 | BW5: 2 | BX5: 2 | BY5: 1 | BZ5: 1 | CA5: 1 | CB5: 1 | CC5: 2 | CD5: 3 | CE5: 3 | CF5: 2 | CG5: 3 | CH5: 6 | CI5: 4 | CJ5: 2 | CK5: 3 | CL5: 2 | CM5: 2 | CN5: 1 | CO5: 1 | CP5: 4 | CQ5: 1 | CR5: 3 | CS5: 3 | CT5: 2 | CU5: 1 | CV5: 5 | CW5: 3 | CX5: =SUM(Foglio1!$BT5:$CW5) -> 71 | CY5: =SUM(Foglio1!$BT5+Foglio1!$BV5+Foglio1!$CP5+Foglio1!$BY5+Foglio1!$BX5+Foglio1!$CH5+Foglio1!$CS5+Foglio1!$CW5-Foglio1!$CE5) -> 22 | CZ5: =SUM(Foglio1!$CF5+Foglio1!$CA5+Foglio1!$CB5+Foglio1!$CD5+Foglio1!$CN5+Foglio1!$CC5+Foglio1!$CW5+Foglio1!$CO5+Foglio1!$CT5-Foglio1!$BU5) -> 15 | DA5: =SUM(Foglio1!$CG5+Foglio1!$CR5+Foglio1!$CQ5+Foglio1!$BU5+Foglio1!$CE5+Foglio1!$CL5+Foglio1!$CS5+Foglio1!$CT5+Foglio1!$CV5+Foglio1!$CP5) -> 27 | DB5: =SUM(Foglio1!$CU5+Foglio1!$BW5+Foglio1!$BZ5+Foglio1!$CO5+Foglio1!$BX5+Foglio1!$CC5+Foglio1!$CK5+Foglio1!$CW5) -> 15 | DC5: =SUM(Foglio1!$CI5+Foglio1!$CM5+Foglio1!$CJ5+Foglio1!$CK5+Foglio1!$BY5+Foglio1!$CH5+Foglio1!$CV5+Foglio1!$CW5) -> 26 | DD5: 1 | DE5: 0 | DF5: 0 | DG5: 0 | DH5: 0 | DI5: 2 | DJ5: 0 | DK5: 0 | DL5: 0 | DM5: 0 | DN5: 0 | DO5: 0 | DP5: 0 | DQ5: 0 | DR5: 0 | DS5: 0 | DT5: 0 | DU5: 2 | DV5: 0 | DW5: 0 | DX5: 1 | DY5: CCC | DZ5: CCC | EA5: CCC | EB5: CCC | EC5: CCC | ED5: CCC | EE5: CCC | EF5: CCC | EG5: CCC | EH5: =(Foglio1!$DE5+Foglio1!$DH5+Foglio1!$DG5+Foglio1!$DF5+Foglio1!$DM5+Foglio1!$DD5+Foglio1!$DO5+Foglio1!$DL5+Foglio1!$DN5+Foglio1!$DQ5+Foglio1!$DP5+Foglio1!$DT5+Foglio1!$DI5+Foglio1!$DK5+Foglio1!$DU5) -> 5 | EI5: =(Foglio1!$EA5+Foglio1!$EB5+Foglio1!$EE5+Foglio1!$EC5+Foglio1!$ED5+Foglio1!$DZ5+Foglio1!$DY5) -> #VALUE! | EJ5: =(Foglio1!$DW5+Foglio1!$DV5+Foglio1!$DX5) -> 1 | EK5: =(Foglio1!$EG5+Foglio1!$EF5) -> #VALUE! | EL5: 1 | EM5: 0 | EN5: 1 | EO5: 0 | EP5: {=SUM(EL5:EO5/4)} -> 0.5 | EQ5: 1 | ER5: 1 | ES5: 0 | ET5: 1 | EU5: non va bene che il cinghiale giri nel centro della città | EV5: 0 | EW5: prendere provvedimenti | EX5: 1 | EY5: =(Foglio1!$EQ5+Foglio1!$ER5+Foglio1!$ES5+Foglio1!$ET5+Foglio1!$EV5+Foglio1!$EX5)/6 -> 0.66666667 | EZ5: 1 | FA5: 1 | FB5: 1 | FC5: =(Foglio1!$EZ5+Foglio1!$FA5+Foglio1!$FB5)/3 -> 1 | FD5: 1 | FE5: 0 | FF5: =(Foglio1!$FD5+Foglio1!$FE5)/2 -> 0.5 | FG5: ci sono libri che possono darti tanto | FH5: 1 | FI5: se uno trova dei soldi è avido e può rubarli | FJ5: 0 | FK5: non bisogna solo mangiare ma anche lavorare nella vita | FL5: 0 | FM5: =(Foglio1!$FH5+Foglio1!$FJ5+Foglio1!$FL5)/3 -> 0.33333333 | FN5: =(Foglio1!$EP5) -> 0.5 | FO5: =(Foglio1!$EY5+Foglio1!$FC5+Foglio1!$FF5+Foglio1!$FM5)/4 -> 0.625 | FP5: =(Foglio1!$EP5+Foglio1!$EY5+Foglio1!$FC5+Foglio1!$FF5+Foglio1!$FM5)/5 -> 0.6 | FQ5: 45468 | FR5: 2 | FS5: 2 | FT5: 2 | FU5: 2 | FV5: 1 | FW5: 0 | FX5: 0 | FY5: 4 | FZ5: 2 | GA5: 5 | GB5: 51 | GC5: 1 | GD5: 0 | GE5: 0 | GF5: 2 | GG5: 0 | GH5: 0 | GI5: 0 | GJ5: 1 | GK5: 0 | GL5: 0 | GM5: 0 | GN5: 2 | GO5: 2 | GP5: 3 | GQ5: 2 | GR5: 1 | GS5: 0 | GT5: 2 | GU5: 2 | GV5: 2 | GW5: 0 | GX5: 0 | GY5: 1 | GZ5: 0 | HA5: 0 | HB5: 1 | HC5: 1 | HD5: 0 | HE5: 1 | HF5: 0 | HG5: =SUM(GC5:HF5) -> 24 | HH5: =SUM(GC5+GE5+GY5+GH5+GG5+GQ5+HB5+HF5-GN5) -> 3 | HI5: =SUM(GO5+GJ5+GK5+GM5+GW5+GL5+HF5+GX5+HC5-GD5) -> 4 | HJ5: =SUM(GP5+HA5+GZ5+GD5+GN5+GU5+HB5+HC5+HE5+GY5) -> 11 | HK5: =SUM(HD5+GF5+GI5+GX5+GG5+GL5+GT5+HF5) -> 4 | HL5: =SUM(GR5+GV5+GS5+GT5+GH5+GQ5+HE5+HF5) -> 8 | HM5: 0 | HN5: 0 | HO5: 0 | HP5: 0 | HQ5: 0 | HR5: 0 | HS5: 0 | HT5: 0 | HU5: 0 | HV5: 0 | HW5: 0 | HX5: 0 | HY5: 0 | HZ5: 0 | IA5: 0 | IB5: 0 | IC5: 0 | ID5: 0 | IE5: 0 | IF5: 0 | IG5: 2 | IH5: CCC | II5: CCC | IJ5: CCC | IK5: CCC | IL5: CCC | IM5: CCC | IN5: CCC | IO5: CCC | IP5: CCC | IQ5: CCC | IR5: CCC | IS5: CCC | IT5: CCC | IU5: AAA | IV5: AAA | IW5: AAA | IX5: AAA | IY5: 1 | IZ5: 0 | JA5: 1 | JB5: 1 | JC5: =(Foglio1!$IY5+Foglio1!$IZ5+Foglio1!$JA5+Foglio1!$JB5)/4 -> 0.75 | JD5: 1 | JE5: 0 | JF5: 1 | JG5: 1 | JH5: è una cosa bellissima, una rarità | JI5: 1 | JJ5: non è così che si risolve, invec di assumere prende lui gli assessori | JK5: 1 | JL5: =(Foglio1!$JD5+Foglio1!$JE5+Foglio1!$JF5+Foglio1!$JG5+Foglio1!$JI5+Foglio1!$JK5)/6 -> 0.83333333 | JM5: 0 | JN5: 1 | JO5: 1 | JP5: =(Foglio1!$JM5+Foglio1!$JN5+Foglio1!$JO5)/3 -> 0.66666667 | JQ5: 1 | JR5: 0 | JS5: =(Foglio1!$JQ5+Foglio1!$JR5)/2 -> 0.5 | JT5: sono come avvoltoi che vogliono prendere casi più importanti e sono lì a mangiarsi l'uno con l'altro per accaparrarsi il caso | JU5: 1 | JV5: il cane che abbia e basta non morde di solito, come il mio cane | JW5: 0 | JX5: non è una cosa bella, uno che ha avuto una medaglia è stato in guerra, non ha passato dei bei momenti, non è così bello ricevere una medaglia | JY5: 0 | JZ5: =(Foglio1!$JU5+Foglio1!$JW5+Foglio1!$JY5)/3 -> 0.33333333 | KA5: =(Foglio1!$JC5) -> 0.75 | KB5: =(Foglio1!$JL5+Foglio1!$JP5+Foglio1!$JS5+Foglio1!$JZ5)/4 -> 0.58333333 | KC5: =(Foglio1!$JC5+Foglio1!$JL5+Foglio1!$JP5+Foglio1!$JS5+Foglio1!$JZ5)/5 -> 0.61666667 | KD5: sono fannulloni, non hanno voglia di lavorare, fare nulla come i nostri genitori | KE5: 0 | KF5: 2 | KG5: sono puntigliose su alcune cose da fare, difficile da starci insieme | KH5: 0 | KI5: 3 | KJ5: aiutano i genitori | KK5: 2 | KL5: 2 | KM5: è bellissima | KN5: 0 | KO5: 1 | KP5: ti puoi fidare, puoi rivelare tutti i tuoi segreti | KQ5: 2 | KR5: 2 | KS5: sono lenti in tutto | KT5: 2 | KU5: 1 | KV5: è lento come un panda | KW5: 1 | KX5: 1 | KY5: sanno talmente tante cose che volano al di sopra delle altre persone | KZ5: 2 | LA5: 3 | LB5: cantano meglio di altri | LC5: 2 | LD5: 1 | LE5: sono colonne portanti della famiglia | LF5: 1 | LG5: 2 | LH5: stanno sempre al sole | LI5: 2 | LJ5: 1 | LK5: non fanno niente, si riempiono di soldi e aprono la coda come i pavoni | LL5: 1 | LM5: 2 | LN5: bellissimi, da coccolare | LO5: 1 | LP5: 1 | LQ5: possono illuminare sul percorso della tua vita | LR5: 2 | LS5: 2 | LT5: =(Foglio1!$KE5+Foglio1!$KH5+Foglio1!$KK5+Foglio1!$KN5+Foglio1!$KQ5+Foglio1!$KT5+Foglio1!$KW5+Foglio1!$KZ5+Foglio1!$LC5+Foglio1!$LF5+Foglio1!$LI5+Foglio1!$LL5+Foglio1!$LO5+Foglio1!$LR5) -> 18 | LU5: =(Foglio1!$KI5+Foglio1!$KF5+Foglio1!$KL5+Foglio1!$KO5+Foglio1!$KR5+Foglio1!$KU5+Foglio1!$KX5+Foglio1!$LA5+Foglio1!$LD5+Foglio1!$LG5+Foglio1!$LJ5+Foglio1!$LM5+Foglio1!$LP5+Foglio1!$LS5) -> 24 | LV5: 15 | LW5: 45 | LX5: 19 | LY5: 31 | LZ5: 0 | MA5: 0 | MB5: 1 | MC5: 1 | MD5: =SUM(LZ5:MC5) -> 2 | ME5: 1 | MF5: 2 | MG5: 0 | MH5: 0 | MI5: =SUM(ME5:MH5) -> 3
A6: 471103b474d18929 | B6: 55 | C6: F | D6: 8 | E6: 1 | F6: Yes | G6: Persecutory | H6: 297.1 Disturbo delirante | I6: (297.1) Disturbo delirante | J6: BBB | L6: BBB | M6: Schizophrenia and other psychoses | N6: Scompenso psicotico | O6: 45456 | P6: 45475 | Q6: Psicosi non specificata | R6: NA | S6: NA | T6: No | U6: NA | V6: Lurasidone | W6: Olanzapina | X6: Aloperidolo | Y6: Acido valproico | Z6: Zolpidem | AH6: Olanzapina | AI6: 300 mg/2 sett | AJ6: Acido valproico | AK6: 300 mg 1 cp h. 8-20 | AL6: Zolpidem | AM6: 5 mg 1 cp h. 22.00 | AN6: Colecalciferolo | AO6: AAA | AP6: AAA | AQ6: AAA | AR6: AAA | AS6: AAA | AT6: AAA | AU6: AAA | AV6: AAA | AW6: AAA | AX6: 4 | AZ6: No | BA6: =(P6-O6) -> 19 | BB6: 0 | BC6: No | BD6: Vicini di casa, telecamere che la spiano, presenza di un microchip nel dente | BE6: No | BF6: NA | BG6: 45463 | BH6: 3 | BI6: 3 | BJ6: 4 | BK6: 0 | BL6: 4 | BM6: 4 | BN6: 4 | BO6: =SUM(Foglio1!$BH6:$BM6) -> 18 | BP6: 4 | BQ6: 3 | BR6: 9 | BS6: 35 | BT6: 5 | BU6: 3 | BV6: 2 | BW6: 2 | BX6: 1 | BY6: 3 | BZ6: 2 | CA6: 1 | CB6: 1 | CC6: 1 | CD6: 1 | CE6: 1 | CF6: 1 | CG6: 1 | CH6: 1 | CI6: 1 | CJ6: 4 | CK6: 2 | CL6: 2 | CM6: 3 | CN6: 1 | CO6: 3 | CP6: 5 | CQ6: 1 | CR6: 1 | CS6: 5 | CT6: 2 | CU6: 2 | CV6: 3 | CW6: 3 | CX6: =SUM(Foglio1!$BT6:$CW6) -> 64 | CY6: =SUM(Foglio1!$BT6+Foglio1!$BV6+Foglio1!$CP6+Foglio1!$BY6+Foglio1!$BX6+Foglio1!$CH6+Foglio1!$CS6+Foglio1!$CW6-Foglio1!$CE6) -> 24 | CZ6: =SUM(Foglio1!$CF6+Foglio1!$CA6+Foglio1!$CB6+Foglio1!$CD6+Foglio1!$CN6+Foglio1!$CC6+Foglio1!$CW6+Foglio1!$CO6+Foglio1!$CT6-Foglio1!$BU6) -> 11 | DA6: =SUM(Foglio1!$CG6+Foglio1!$CR6+Foglio1!$CQ6+Foglio1!$BU6+Foglio1!$CE6+Foglio1!$CL6+Foglio1!$CS6+Foglio1!$CT6+Foglio1!$CV6+Foglio1!$CP6) -> 24 | DB6: =SUM(Foglio1!$CU6+Foglio1!$BW6+Foglio1!$BZ6+Foglio1!$CO6+Foglio1!$BX6+Foglio1!$CC6+Foglio1!$CK6+Foglio1!$CW6) -> 16 | DC6: =SUM(Foglio1!$CI6+Foglio1!$CM6+Foglio1!$CJ6+Foglio1!$CK6+Foglio1!$BY6+Foglio1!$CH6+Foglio1!$CV6+Foglio1!$CW6) -> 20 | DD6: 4 | DE6: 4 | DF6: 3 | DG6: 0 | DH6: 1 | DI6: 2 | DJ6: 0 | DK6: 0 | DL6: 2 | DM6: 3 | DN6: 0 | DO6: 0 | DP6: 0 | DQ6: 0 | DR6: 0 | DS6: 0 | DT6: 2 | DU6: 1 | DV6: 0 | DW6: 0 | DX6: 1 | DY6: CCC | DZ6: CCC | EA6: CCC | EB6: CCC | EC6: CCC | ED6: CCC | EE6: CCC | EF6: CCC | EG6: CCC | EH6: =(Foglio1!$DE6+Foglio1!$DH6+Foglio1!$DG6+Foglio1!$DF6+Foglio1!$DM6+Foglio1!$DD6+Foglio1!$DO6+Foglio1!$DL6+Foglio1!$DN6+Foglio1!$DQ6+Foglio1!$DP6+Foglio1!$DT6+Foglio1!$DI6+Foglio1!$DK6+Foglio1!$DU6) -> 22 | EI6: =(Foglio1!$EA6+Foglio1!$EB6+Foglio1!$EE6+Foglio1!$EC6+Foglio1!$ED6+Foglio1!$DZ6+Foglio1!$DY6) -> #VALUE! | EJ6: =(Foglio1!$DW6+Foglio1!$DV6+Foglio1!$DX6) -> 1 | EK6: =(Foglio1!$EG6+Foglio1!$EF6) -> #VALUE! | EL6: 0 | EM6: 1 | EN6: 1 | EO6: 0 | EP6: {=SUM(EL6:EO6/4)} -> 0.5 | EQ6: 1 | ER6: 0 | ES6: 0 | ET6: 0 | EU6: ironia. Dice come dire non avrà più voglia di nessuno di venire in città. | EV6: 1 | EW6: prenda provvedimenti | EX6: 1 | EY6: =(Foglio1!$EQ6+Foglio1!$ER6+Foglio1!$ES6+Foglio1!$ET6+Foglio1!$EV6+Foglio1!$EX6)/6 -> 0.5 | EZ6: 1 | FA6: 1 | FB6: 1 | FC6: =(Foglio1!$EZ6+Foglio1!$FA6+Foglio1!$FB6)/3 -> 1 | FD6: 1 | FE6: 1 | FF6: =(Foglio1!$FD6+Foglio1!$FE6)/2 -> 1 | FG6: i libri sono una cosa importante | FH6: 0 | FI6: se ti capita l'opportunità diventi ladro anche se non lo sei | FJ6: 1 | FK6: non si vive solo di cose materiali ma anche di sentimenti, emozioni | FL6: 1 | FM6: =(Foglio1!$FH6+Foglio1!$FJ6+Foglio1!$FL6)/3 -> 0.66666667 | FN6: =(Foglio1!$EP6) -> 0.5 | FO6: =(Foglio1!$EY6+Foglio1!$FC6+Foglio1!$FF6+Foglio1!$FM6)/4 -> 0.79166667 | FP6: =(Foglio1!$EP6+Foglio1!$EY6+Foglio1!$FC6+Foglio1!$FF6+Foglio1!$FM6)/5 -> 0.73333333 | FQ6: 45474 | FR6: 3 | FS6: 0 | FT6: 1 | FU6: 3 | FV6: 3 | FW6: 2 | FX6: 3 | FY6: 4 | FZ6: 0 | GA6: 0 | GB6: 45 | GC6: 4 | GD6: 1 | GE6: 0 | GF6: 2 | GG6: 0 | GH6: 4 | GI6: 0 | GJ6: 0 | GK6: 0 | GL6: 0 | GM6: 2 | GN6: 1 | GO6: 0 | GP6: 0 | GQ6: 0 | GR6: 2 | GS6: 4 | GT6: 2 | GU6: 0 | GV6: 1 | GW6: 0 | GX6: 0 | GY6: 4 | GZ6: 0 | HA6: 0 | HB6: 4 | HC6: 0 | HD6: 0 | HE6: 2 | HF6: 4 | HG6: =SUM(GC6:HF6) -> 37 | HH6: =SUM(GC6+GE6+GY6+GH6+GG6+GQ6+HB6+HF6-GN6) -> 19 | HI6: =SUM(GO6+GJ6+GK6+GM6+GW6+GL6+HF6+GX6+HC6-GD6) -> 5 | HJ6: =SUM(GP6+HA6+GZ6+GD6+GN6+GU6+HB6+HC6+HE6+GY6) -> 12 | HK6: =SUM(HD6+GF6+GI6+GX6+GG6+GL6+GT6+HF6) -> 8 | HL6: =SUM(GR6+GV6+GS6+GT6+GH6+GQ6+HE6+HF6) -> 19 | HM6: 3 | HN6: 3 | HO6: 3 | HP6: 1 | HQ6: 2 | HR6: 2 | HS6: 0 | HT6: 0 | HU6: 2 | HV6: 2 | HW6: 0 | HX6: 0 | HY6: 0 | HZ6: 0 | IA6: 0 | IB6: 0 | IC6: 0 | ID6: 2 | IE6: 0 | IF6: 0 | IG6: 0 | IH6: CCC | II6: CCC | IJ6: CCC | IK6: CCC | IL6: CCC | IM6: CCC | IN6: CCC | IO6: CCC | IP6: CCC | IQ6: CCC | IR6: CCC | IS6: CCC | IT6: CCC | IU6: AAA | IV6: AAA | IW6: AAA | IX6: AAA | IY6: 0 | IZ6: 1 | JA6: 1 | JB6: 1 | JC6: =(Foglio1!$IY6+Foglio1!$IZ6+Foglio1!$JA6+Foglio1!$JB6)/4 -> 0.75 | JD6: 1 | JE6: 1 | JF6: 1 | JG6: 1 | JH6: ha molte cose che valgono | JI6: 1 | JJ6: ironico | JK6: 1 | JL6: =(Foglio1!$JD6+Foglio1!$JE6+Foglio1!$JF6+Foglio1!$JG6+Foglio1!$JI6+Foglio1!$JK6)/6 -> 1 | JM6: 1 | JN6: 1 | JO6: 1 | JP6: =(Foglio1!$JM6+Foglio1!$JN6+Foglio1!$JO6)/3 -> 1 | JQ6: 0 | JR6: 0 | JS6: =(Foglio1!$JQ6+Foglio1!$JR6)/2 -> 0 | JT6: usano quello che succede per ingigantire le cose | JU6: 0 | JV6: a volte le persone che parlano tanto non fanno del male | JW6: 1 | JX6: ci sono sempre i pro e i contro nelle cose | JY6: 1 | JZ6: =(Foglio1!$JU6+Foglio1!$JW6+Foglio1!$JY6)/3 -> 0.66666667 | KA6: =(Foglio1!$JC6) -> 0.75 | KB6: =(Foglio1!$JL6+Foglio1!$JP6+Foglio1!$JS6+Foglio1!$JZ6)/4 -> 0.66666667 | KC6: =(Foglio1!$JC6+Foglio1!$JL6+Foglio1!$JP6+Foglio1!$JS6+Foglio1!$JZ6)/5 -> 0.68333333 | KD6: oscillano da una parte all'altra | KE6: 1 | KF6: 1 | KG6: magre | KH6: 1 | KI6: 1 | KJ6: quando sei in difficoltà puoi contare su di loro | KK6: 2 | KL6: 2 | KM6: è vestita di bianco | KN6: 1 | KO6: 1 | KP6: ti ci puoi aggrappare | KQ6: 1 | KR6: 2 | KS6: vanno pianino | KT6: 2 | KU6: 1 | KV6: (non risponde) | KW6: 0 | KX6: 0 | KY6: vedono le cose dall'alto | KZ6: 1 | LA6: 2 | LB6: cantano bene | LC6: 2 | LD6: 1 | LE6: aiutano nella crescita i nipoti | LF6: 2 | LG6: 2 | LH6: sono sempre al sole | LI6: 2 | LJ6: 1 | LK6: si fanno vedere | LL6: 2 | LM6: 2 | LN6: sono carini | LO6: 2 | LP6: 1 | LQ6: sono bravi e aiutano gli alunni a vedere la vita | LR6: 1 | LS6: 2 | LT6: =(Foglio1!$KE6+Foglio1!$KH6+Foglio1!$KK6+Foglio1!$KN6+Foglio1!$KQ6+Foglio1!$KT6+Foglio1!$KW6+Foglio1!$KZ6+Foglio1!$LC6+Foglio1!$LF6+Foglio1!$LI6+Foglio1!$LL6+Foglio1!$LO6+Foglio1!$LR6) -> 20 | LU6: =(Foglio1!$KI6+Foglio1!$KF6+Foglio1!$KL6+Foglio1!$KO6+Foglio1!$KR6+Foglio1!$KU6+Foglio1!$KX6+Foglio1!$LA6+Foglio1!$LD6+Foglio1!$LG6+Foglio1!$LJ6+Foglio1!$LM6+Foglio1!$LP6+Foglio1!$LS6) -> 19 | LV6: 31 | LW6: 40 | LX6: 19 | LY6: 31 | LZ6: 0 | MA6: 18 | MB6: 9 | MC6: 1 | MD6: =SUM(LZ6:MC6) -> 28 | ME6: 0 | MF6: 0 | MG6: 0 | MH6: 0 | MI6: =SUM(ME6:MH6) -> 0
A7: cbdb310585de2ab8 | B7: 54 | C7: M | D7: 8 | E7: 1 | F7: Yes | G7: Bizarre | H7: 295.74 Disturbo schizo-affettivo, cronico con esacerbazione acuta | I7: (295.74) Disturbo schizo-affettivo, cronico con esacerbazione acuta | J7: BBB | L7: BBB | M7: Affective disorders | N7: Scompenso psicotico | O7: 45472 | P7: 45490 | Q7: Disturbo schizoaffettivo | V7: Paliperidone palmitato | W7: Aloperidolo | X7: Busedonide/formoterolo | Y7: Metformina | Z7: Insulina glargine | AH7: Olanzapina | AI7: cp 20 mg ore 20 | AJ7: Ramipril | AK7: cp 2,5 mg ore 20 | AL7: Levotiroxina | AM7: cp 75 ug ore 7 (da lunedì a venerdì), 100 ug ore 7 (sabato e domenica) | AN7: Empaglifozin/linagliptin | AO7: cp 25/5 mg ore 12 | AP7: Metformina | AQ7: cp 1000 mg ore 8-12-19 (ai pasti) | AR7: Atorvastatina | AS7: cp 10 mg ore 20 | AT7: Ins Glargine | AU7: sol 10 UI s.c. ore 22 | AV7: Budesonide/formoterolo | AW7: 160/4,5 ug 2 puff inalatori ore 8-2 | AX7: 8 | AZ7: AAA | BA7: =(P7-O7) -> 18 | BB7: ccc | BC7: ccc | BD7: Il comandante della fogore gli da ordini | BE7: CCC | BF7: CCC | BG7: 45475 | BH7: 4 | BI7: 3 | BJ7: 4 | BK7: 4 | BL7: 4 | BM7: 4 | BN7: 3 | BO7: =SUM(Foglio1!$BH7:$BM7) -> 23 | BP7: 7 | BQ7: 3 | BR7: 10 | BS7: 35 | BT7: 6 | BU7: 3 | BV7: 6 | BW7: 2 | BX7: 3 | BY7: 2 | BZ7: 1 | CA7: 1 | CB7: 2 | CC7: 1 | CD7: 1 | CE7: 5 | CF7: 1 | CG7: 1 | CH7: 1 | CI7: 1 | CJ7: 1 | CK7: 1 | CL7: 1 | CM7: 1 | CN7: 1 | CO7: 1 | CP7: 6 | CQ7: 2 | CR7: 1 | CS7: 6 | CT7: 1 | CU7: 1 | CV7: 1 | CW7: 1 | CX7: =SUM(Foglio1!$BT7:$CW7) -> 62 | CY7: =SUM(Foglio1!$BT7+Foglio1!$BV7+Foglio1!$CP7+Foglio1!$BY7+Foglio1!$BX7+Foglio1!$CH7+Foglio1!$CS7+Foglio1!$CW7-Foglio1!$CE7) -> 26 | CZ7: =SUM(Foglio1!$CF7+Foglio1!$CA7+Foglio1!$CB7+Foglio1!$CD7+Foglio1!$CN7+Foglio1!$CC7+Foglio1!$CW7+Foglio1!$CO7+Foglio1!$CT7-Foglio1!$BU7) -> 7 | DA7: =SUM(Foglio1!$CG7+Foglio1!$CR7+Foglio1!$CQ7+Foglio1!$BU7+Foglio1!$CE7+Foglio1!$CL7+Foglio1!$CS7+Foglio1!$CT7+Foglio1!$CV7+Foglio1!$CP7) -> 27 | DB7: =SUM(Foglio1!$CU7+Foglio1!$BW7+Foglio1!$BZ7+Foglio1!$CO7+Foglio1!$BX7+Foglio1!$CC7+Foglio1!$CK7+Foglio1!$CW7) -> 11 | DC7: =SUM(Foglio1!$CI7+Foglio1!$CM7+Foglio1!$CJ7+Foglio1!$CK7+Foglio1!$BY7+Foglio1!$CH7+Foglio1!$CV7+Foglio1!$CW7) -> 9 | DD7: 0 | DE7: 1 | DF7: 3 | DG7: 0 | DH7: 2 | DI7: 1 | DJ7: 0 | DK7: 0 | DL7: 0 | DM7: 0 | DN7: 2 | DO7: 0 | DP7: 0 | DQ7: 0 | DR7: 0 | DS7: 0 | DT7: 0 | DU7: 3 | DV7: 0 | DW7: 0 | DX7: 1 | DY7: CCC | DZ7: CCC | EA7: CCC | EB7: CCC | EC7: CCC | ED7: CCC | EE7: CCC | EF7: CCC | EG7: CCC | EH7: =(Foglio1!$DE7+Foglio1!$DH7+Foglio1!$DG7+Foglio1!$DF7+Foglio1!$DM7+Foglio1!$DD7+Foglio1!$DO7+Foglio1!$DL7+Foglio1!$DN7+Foglio1!$DQ7+Foglio1!$DP7+Foglio1!$DT7+Foglio1!$DI7+Foglio1!$DK7+Foglio1!$DU7) -> 12 | EI7: =(Foglio1!$EA7+Foglio1!$EB7+Foglio1!$EE7+Foglio1!$EC7+Foglio1!$ED7+Foglio1!$DZ7+Foglio1!$DY7) -> #VALUE! | EJ7: =(Foglio1!$DW7+Foglio1!$DV7+Foglio1!$DX7) -> 1 | EK7: =(Foglio1!$EG7+Foglio1!$EF7) -> #VALUE! | EL7: 1 | EM7: 0 | EN7: 0 | EO7: 1 | EP7: {=SUM(EL7:EO7/4)} -> 0.5 | EQ7: 0 | ER7: 1 | ES7: 0 | ET7: 1 | EU7: il popolo cinese che prima è stato boicottato dagli italiani perché volevano vendere i loro prodotti | EV7: 0 | EW7: prendano coraggio | EX7: 0 | EY7: =(Foglio1!$EQ7+Foglio1!$ER7+Foglio1!$ES7+Foglio1!$ET7+Foglio1!$EV7+Foglio1!$EX7)/6 -> 0.33333333 | EZ7: 1 | FA7: 1 | FB7: 1 | FC7: =(Foglio1!$EZ7+Foglio1!$FA7+Foglio1!$FB7)/3 -> 1 | FD7: 0 | FE7: 0 | FF7: =(Foglio1!$FD7+Foglio1!$FE7)/2 -> 0 | FG7: ognuno ha voluto dare il suo contributo nello scrivere romanzi, storie ma sempre a lieto fine | FH7: 0 | FI7: sia in fatto materiale sia in fatto sentimentale, si fregano le donne uno con l'altro e se trovano soldi li prendono | FJ7: 0 | FK7: non si può solo lavorare e basta bisogna avere anche uno svago e divertimento | FL7: 1 | FM7: =(Foglio1!$FH7+Foglio1!$FJ7+Foglio1!$FL7)/3 -> 0.33333333 | FN7: =(Foglio1!$EP7) -> 0.5 | FO7: =(Foglio1!$EY7+Foglio1!$FC7+Foglio1!$FF7+Foglio1!$FM7)/4 -> 0.41666667 | FP7: =(Foglio1!$EP7+Foglio1!$EY7+Foglio1!$FC7+Foglio1!$FF7+Foglio1!$FM7)/5 -> 0.43333333 | FQ7: 45490 | FR7: 4 | FS7: 1 | FT7: 3 | FU7: 3 | FV7: 2 | FW7: 0 | FX7: 1 | FY7: 4 | FZ7: 3 | GA7: 10 | GB7: 60 | GC7: 3 | GD7: 2 | GE7: 4 | GF7: 2 | GG7: 3 | GH7: 3 | GI7: 0 | GJ7: 0 | GK7: 0 | GL7: 2 | GM7: 0 | GN7: 3 | GO7: 0 | GP7: 2 | GQ7: 0 | GR7: 0 | GS7: 2 | GT7: 2 | GU7: 2 | GV7: 0 | GW7: 0 | GX7: 2 | GY7: 4 | GZ7: 0 | HA7: 2 | HB7: 3 | HC7: 0 | HD7: 3 | HE7: 0 | HF7: 0 | HG7: =SUM(GC7:HF7) -> 44 | HH7: =SUM(GC7+GE7+GY7+GH7+GG7+GQ7+HB7+HF7-GN7) -> 17 | HI7: =SUM(GO7+GJ7+GK7+GM7+GW7+GL7+HF7+GX7+HC7-GD7) -> 2 | HJ7: =SUM(GP7+HA7+GZ7+GD7+GN7+GU7+HB7+HC7+HE7+GY7) -> 18 | HK7: =SUM(HD7+GF7+GI7+GX7+GG7+GL7+GT7+HF7) -> 14 | HL7: =SUM(GR7+GV7+GS7+GT7+GH7+GQ7+HE7+HF7) -> 7 | HM7: 3 | HN7: 2 | HO7: 3 | HP7: 1 | HQ7: 2 | HR7: 0 | HS7: 0 | HT7: 0 | HU7: 0 | HV7: 0 | HW7: 0 | HX7: 0 | HY7: 0 | HZ7: 0 | IA7: 0 | IB7: 0 | IC7: 0 | ID7: 0 | IE7: 0 | IF7: 0 | IG7: 2 | IH7: 1 | II7: 1 | IJ7: 1 | IK7: 4 | IL7: 1 | IM7: 1 | IN7: 1 | IO7: 2 | IP7: 1 | IQ7: =SUM(HN7+HQ7+HP7+HO7+HV7+HM7+HX7+HU7+HW7+HZ7+HY7+IC7+HR7+HT7+ID7) -> 11 | IR7: =SUM(IJ7+IK7+IN7+IL7+IM7+II7+IH7) -> 10 | IS7: =SUM(IF7+IE7+IG7) -> 2 | IT7: =SUM(IP7+IO7) -> 3 | IU7: AAA | IV7: AAA | IW7: AAA | IX7: AAA | IY7: 1 | IZ7: 0 | JA7: 0 | JB7: 1 | JC7: =(Foglio1!$IY7+Foglio1!$IZ7+Foglio1!$JA7+Foglio1!$JB7)/4 -> 0.5 | JD7: 0 | JE7: 1 | JF7: 1 | JG7: 1 | JH7: è qualcosa di spettacolare | JI7: 1 | JJ7: magari non possono pagare più di tanto perché non hanno sovvenzioni governative e non hanno abbastanza volontari che possono gestire il museo | JK7: 0 | JL7: =(Foglio1!$JD7+Foglio1!$JE7+Foglio1!$JF7+Foglio1!$JG7+Foglio1!$JI7+Foglio1!$JK7)/6 -> 0.66666667 | JM7: 1 | JN7: 1 | JO7: 1 | JP7: =(Foglio1!$JM7+Foglio1!$JN7+Foglio1!$JO7)/3 -> 1 | JQ7: 0 | JR7: 0 | JS7: =(Foglio1!$JQ7+Foglio1!$JR7)/2 -> 0 | JT7: vogliono avere l'anteprima | JU7: 0 | JV7: solitamente il cane che avverte un disguido, qualcosa che non funziona è un po' un avvertimento, bisogna vedere da che taglia | JW7: 0 | JX7: ci può essere il bello ed il brutto di una medaglia | JY7: 0 | JZ7: =(Foglio1!$JU7+Foglio1!$JW7+Foglio1!$JY7)/3 -> 0 | KA7: =(Foglio1!$JC7) -> 0.5 | KB7: =(Foglio1!$JL7+Foglio1!$JP7+Foglio1!$JS7+Foglio1!$JZ7)/4 -> 0.41666667 | KC7: =(Foglio1!$JC7+Foglio1!$JL7+Foglio1!$JP7+Foglio1!$JS7+Foglio1!$JZ7)/5 -> 0.43333333 | KD7: seguono l'andamento della loro gioventù, seguono il tempo che hanno adesso | KE7: 0 | KF7: 2 | KG7: bisogna vedere se sono mature o devono ancora maturare | KH7: 1 | KI7: 2 | KJ7: una volta i genitori da grandi hanno mantenuto i figli per gli studi e alla fine sarebbero i figli che devono mantenere anche se c'è la pensione che dovrebbero curare i genitori | KK7: 2 | KL7: 2 | KM7: un pensiero | KN7: 0 | KO7: 0 | KP7: ancore di salvezza, dopo una relazione finita magari malamente gli amici sono un'ancora di salvezza | KQ7: 1 | KR7: 2 | KS7: sono corazzati | KT7: 1 | KU7: 2 | KV7: potrei prendere Damiani come pugile, non era muscoloso ma sapeva boxare | KW7: 0 | KX7: 0 | KY7: volano alto | KZ7: 1 | LA7: 2 | LB7: hanno una voce bella | LC7: 2 | LD7: 1 | LE7: la loro esperienza ci insegna a non commettere errori nel futuro | LF7: 0 | LG7: 2 | LH7: sono coccodrilli in miniatura | LI7: 0 | LJ7: 0 | LK7: sono personaggi che viaggiano in libertà vigilata, non mi piace la politica | LL7: 0 | LM7: 0 | LN7: (non risponde) | LO7: 0 | LP7: 0 | LQ7: un tipo di luminosità per leggere nella notte | LR7: 0 | LS7: 0 | LT7: =(Foglio1!$KE7+Foglio1!$KH7+Foglio1!$KK7+Foglio1!$KN7+Foglio1!$KQ7+Foglio1!$KT7+Foglio1!$KW7+Foglio1!$KZ7+Foglio1!$LC7+Foglio1!$LF7+Foglio1!$LI7+Foglio1!$LL7+Foglio1!$LO7+Foglio1!$LR7) -> 8 | LU7: =(Foglio1!$KI7+Foglio1!$KF7+Foglio1!$KL7+Foglio1!$KO7+Foglio1!$KR7+Foglio1!$KU7+Foglio1!$KX7+Foglio1!$LA7+Foglio1!$LD7+Foglio1!$LG7+Foglio1!$LJ7+Foglio1!$LM7+Foglio1!$LP7+Foglio1!$LS7) -> 15 | LV7: 43 | LW7: 31 | LX7: 11 | LY7: 21 | LZ7: 0 | MA7: 1 | MB7: 3 | MC7: 2 | MD7: =SUM(LZ7:MC7) -> 6 | ME7: 0 | MF7: 0 | MG7: 0 | MH7: 0 | MI7: =SUM(ME7:MH7) -> 0
A8: 1356c73011f9e6ce | B8: 37 | C8: M | D8: 13 | E8: 1 | F8: Yes | G8: Erotomanic | H8: 298.9 Psicosi non specificata | I8: (298.9) Psicosi NAS | L8: BBB | M8: Schizophrenia and other psychoses | N8: Aggressione nei confronti della madre | O8: 45485 | P8: 45531 | Q8: CCC | AH8: Carbamazepina RP | AI8: 1000 mg/die | AJ8: Risperidone | AK8: 8 ml/die | AL8: delorazepam | AM8: 20 gtt ore 20 | AN8: BBB | AO8: BBB | AP8: BBB | AQ8: BBB | AR8: BBB | AS8: BBB | AT8: BBB | AU8: BBB | AV8: BBB | AW8: BBB | AX8: 3 | AZ8: AAA | BA8: =(P8-O8) -> 46 | BD8: La madre vuole fargli del male | BG8: 45489 | BH8: 3 | BI8: 1 | BJ8: 3 | BK8: 2 | BL8: 2 | BM8: 3 | BN8: 2 | BO8: =SUM(Foglio1!$BH8:$BM8) -> 14 | BP8: 5 | BQ8: 3 | BR8: 0 | BS8: 49 | BT8: 3 | BU8: 2 | BV8: 2 | BW8: 1 | BX8: 1 | BY8: 3 | BZ8: 1 | CA8: 4 | CB8: 4 | CC8: 4 | CD8: 5 | CE8: 5 | CF8: 5 | CG8: 4 | CH8: 1 | CI8: 1 | CJ8: 5 | CK8: 3 | CL8: 3 | CM8: 3 | CN8: 4 | CO8: 1 | CP8: 4 | CQ8: 1 | CR8: 3 | CS8: 3 | CT8: 3 | CU8: 3 | CV8: 5 | CW8: 5 | CX8: =SUM(Foglio1!$BT8:$CW8) -> 92 | CY8: =SUM(Foglio1!$BT8+Foglio1!$BV8+Foglio1!$CP8+Foglio1!$BY8+Foglio1!$BX8+Foglio1!$CH8+Foglio1!$CS8+Foglio1!$CW8-Foglio1!$CE8) -> 17 | CZ8: =SUM(Foglio1!$CF8+Foglio1!$CA8+Foglio1!$CB8+Foglio1!$CD8+Foglio1!$CN8+Foglio1!$CC8+Foglio1!$CW8+Foglio1!$CO8+Foglio1!$CT8-Foglio1!$BU8) -> 33 | DA8: =SUM(Foglio1!$CG8+Foglio1!$CR8+Foglio1!$CQ8+Foglio1!$BU8+Foglio1!$CE8+Foglio1!$CL8+Foglio1!$CS8+Foglio1!$CT8+Foglio1!$CV8+Foglio1!$CP8) -> 33 | DB8: =SUM(Foglio1!$CU8+Foglio1!$BW8+Foglio1!$BZ8+Foglio1!$CO8+Foglio1!$BX8+Foglio1!$CC8+Foglio1!$CK8+Foglio1!$CW8) -> 19 | DC8: =SUM(Foglio1!$CI8+Foglio1!$CM8+Foglio1!$CJ8+Foglio1!$CK8+Foglio1!$BY8+Foglio1!$CH8+Foglio1!$CV8+Foglio1!$CW8) -> 26 | DD8: 0 | DE8: 0 | DF8: 0 | DG8: 0 | DH8: 0 | DI8: 0 | DJ8: 0 | DK8: 0 | DL8: 0 | DM8: 0 | DN8: 0 | DO8: 0 | DP8: 0 | DQ8: 0 | DR8: 0 | DS8: 0 | DT8: 2 | DU8: 2 | DV8: 2 | DW8: 0 | DX8: 1 | DY8: 1 | DZ8: 2 | EA8: 3 | EB8: 2 | EC8: 2 | ED8: 2 | EE8: 0 | EF8: 3 | EG8: 1 | EH8: =(Foglio1!$DE8+Foglio1!$DH8+Foglio1!$DG8+Foglio1!$DF8+Foglio1!$DM8+Foglio1!$DD8+Foglio1!$DO8+Foglio1!$DL8+Foglio1!$DN8+Foglio1!$DQ8+Foglio1!$DP8+Foglio1!$DT8+Foglio1!$DI8+Foglio1!$DK8+Foglio1!$DU8) -> 4 | EI8: =(Foglio1!$EA8+Foglio1!$EB8+Foglio1!$EE8+Foglio1!$EC8+Foglio1!$ED8+Foglio1!$DZ8+Foglio1!$DY8) -> 12 | EJ8: =(Foglio1!$DW8+Foglio1!$DV8+Foglio1!$DX8) -> 3 | EK8: =(Foglio1!$EG8+Foglio1!$EF8) -> 4 | EL8: 1 | EM8: 0 | EN8: 1 | EO8: 1 | EP8: {=SUM(EL8:EO8/4)} -> 0.75 | EQ8: 1 | ER8: 1 | ES8: 0 | ET8: 1 | EU8: in genere quando si legge qualcosa di strano sui giornali la gente è interessata a quel posto | EV8: 0 | EW8: risolvano la situazione | EX8: 1 | EY8: =(Foglio1!$EQ8+Foglio1!$ER8+Foglio1!$ES8+Foglio1!$ET8+Foglio1!$EV8+Foglio1!$EX8)/6 -> 0.66666667 | EZ8: 1 | FA8: 1 | FB8: 1 | FC8: =(Foglio1!$EZ8+Foglio1!$FA8+Foglio1!$FB8)/3 -> 1 | FD8: 1 | FE8: 1 | FF8: =(Foglio1!$FD8+Foglio1!$FE8)/2 -> 1 | FG8: ci si può trovare delle informazioni molto preziose | FH8: 1 | FI8: se una persona si trova di fronte ad una situazione che può essere redditizia, indipendentemente dalla sua inclinazione verso la legge coglie l'occasione | FJ8: 1 | FK8: è difficile accontentarsi di una sola cosa nella vita, potrebbe diventare monotona | FL8: 0 | FM8: =(Foglio1!$FH8+Foglio1!$FJ8+Foglio1!$FL8)/3 -> 0.66666667 | FN8: =(Foglio1!$EP8) -> 0.75 | FO8: =(Foglio1!$EY8+Foglio1!$FC8+Foglio1!$FF8+Foglio1!$FM8)/4 -> 0.83333333 | FP8: =(Foglio1!$EP8+Foglio1!$EY8+Foglio1!$FC8+Foglio1!$FF8+Foglio1!$FM8)/5 -> 0.81666667 | FQ8: 45525 | FR8: 1 | FS8: 1 | FT8: 1 | FU8: 1 | FV8: 2 | FW8: 1 | FX8: 2 | FY8: 4 | FZ8: 2 | GA8: 5 | GB8: 50 | GC8: 4 | GD8: 2 | GE8: 0 | GF8: 0 | GG8: 0 | GH8: 3 | GI8: 1 | GJ8: 4 | GK8: 4 | GL8: 4 | GM8: 4 | GN8: 4 | GO8: 4 | GP8: 3 | GQ8: 2 | GR8: 2 | GS8: 3 | GT8: 2 | GU8: 1 | GV8: 3 | GW8: 3 | GX8: 0 | GY8: 3 | GZ8: 0 | HA8: 2 | HB8: 1 | HC8: 1 | HD8: 1 | HE8: 3 | HF8: 3 | HG8: =SUM(GC8:HF8) -> 67 | HH8: =SUM(GC8+GE8+GY8+GH8+GG8+GQ8+HB8+HF8-GN8) -> 12 | HI8: =SUM(GO8+GJ8+GK8+GM8+GW8+GL8+HF8+GX8+HC8-GD8) -> 25 | HJ8: =SUM(GP8+HA8+GZ8+GD8+GN8+GU8+HB8+HC8+HE8+GY8) -> 20 | HK8: =SUM(HD8+GF8+GI8+GX8+GG8+GL8+GT8+HF8) -> 11 | HL8: =SUM(GR8+GV8+GS8+GT8+GH8+GQ8+HE8+HF8) -> 21 | HM8: 0 | HN8: 0 | HO8: 0 | HP8: 0 | HQ8: 0 | HR8: 0 | HS8: 0 | HT8: 1 | HU8: 0 | HV8: 0 | HW8: 0 | HX8: 0 | HY8: 0 | HZ8: 0 | IA8: 0 | IB8: 0 | IC8: 1 | ID8: 0 | IE8: 2 | IF8: 2 | IG8: 2 | IH8: 2 | II8: 1 | IJ8: 2 | IK8: 3 | IL8: 1 | IM8: 3 | IN8: 2 | IO8: 2 | IP8: 2 | IQ8: =SUM(HN8+HQ8+HP8+HO8+HV8+HM8+HX8+HU8+HW8+HZ8+HY8+IC8+HR8+HT8+ID8) -> 2 | IR8: =SUM(IJ8+IK8+IN8+IL8+IM8+II8+IH8) -> 14 | IS8: =SUM(IF8+IE8+IG8) -> 6 | IT8: =SUM(IP8+IO8) -> 4 | IU8: AAA | IV8: AAA | IW8: AAA | IX8: AAA | IY8: 1 | IZ8: 0 | JA8: 0 | JB8: 1 | JC8: =(Foglio1!$IY8+Foglio1!$IZ8+Foglio1!$JA8+Foglio1!$JB8)/4 -> 0.5 | JD8: 1 | JE8: 1 | JF8: 0 | JG8: 0 | JH8: è uno dei pochi più apprezzati dalle persone | JI8: 0 | JJ8: assumendo più dipendenti in museo si può permettere ad alcune persone di guardagnare qualcosa | JK8: 0 | JL8: =(Foglio1!$JD8+Foglio1!$JE8+Foglio1!$JF8+Foglio1!$JG8+Foglio1!$JI8+Foglio1!$JK8)/6 -> 0.33333333 | JM8: 1 | JN8: 1 | JO8: 1 | JP8: =(Foglio1!$JM8+Foglio1!$JN8+Foglio1!$JO8)/3 -> 1 | JQ8: 1 | JR8: 1 | JS8: =(Foglio1!$JQ8+Foglio1!$JR8)/2 -> 1 | JT8: sono sempre in cerca di un articolo e per questo possono diventare fastidiosi con le persone | JU8: 1 | JV8: a volte qualcuno può fare di tutto per sembrare minaccioso ma così facendo in realtà dimostra solo qualche debolezza | JW8: 0 | JX8: ogni cosa ha un lato positivo e negativo | JY8: 1 | JZ8: =(Foglio1!$JU8+Foglio1!$JW8+Foglio1!$JY8)/3 -> 0.66666667 | KA8: =(Foglio1!$JC8) -> 0.5 | KB8: =(Foglio1!$JL8+Foglio1!$JP8+Foglio1!$JS8+Foglio1!$JZ8)/4 -> 0.75 | KC8: =(Foglio1!$JC8+Foglio1!$JL8+Foglio1!$JP8+Foglio1!$JS8+Foglio1!$JZ8)/5 -> 0.7 | KD8: arrivano sempre in ritardo | KE8: 0 | KF8: 2 | KG8: all'apparenza possono far pensare ad un certo tipo di persona ma poi in sostanza non sono un granché | KH8: 0 | KI8: 2 | KJ8: pensano solo a come vestirsi, all'apprenza | KK8: 0 | KL8: 2 | KM8: probabilmente il matrimonio durerà poco | KN8: 0 | KO8: 0 | KP8: ci si può fare molto affidamento | KQ8: 2 | KR8: 3 | KS8: sono lenti | KT8: 2 | KU8: 1 | KV8: conosce le tecniche orientali | KW8: 0 | KX8: 2 | KY8: le loro frasi, il loro lavoro resta poco nella vita delle persone | KZ8: 0 | LA8: 0 | LB8: sono stonati | LC8: 0 | LD8: 1 | LE8: sono persone su cui fare molto affidamento grazie alle loro esperienze | LF8: 2 | LG8: 3 | LH8: passano la maggior parte del tempo a prendere il sole | LI8: 2 | LJ8: 1 | LK8: gli piace solo vantarsi ma in sostanza non danno niente | LL8: 2 | LM8: 2 | LN8: sono teneri | LO8: 2 | LP8: 2 | LQ8: usano tecniche non molto moderne | LR8: 0 | LS8: 0 | LT8: =(Foglio1!$KE8+Foglio1!$KH8+Foglio1!$KK8+Foglio1!$KN8+Foglio1!$KQ8+Foglio1!$KT8+Foglio1!$KW8+Foglio1!$KZ8+Foglio1!$LC8+Foglio1!$LF8+Foglio1!$LI8+Foglio1!$LL8+Foglio1!$LO8+Foglio1!$LR8) -> 12 | LU8: =(Foglio1!$KI8+Foglio1!$KF8+Foglio1!$KL8+Foglio1!$KO8+Foglio1!$KR8+Foglio1!$KU8+Foglio1!$KX8+Foglio1!$LA8+Foglio1!$LD8+Foglio1!$LG8+Foglio1!$LJ8+Foglio1!$LM8+Foglio1!$LP8+Foglio1!$LS8) -> 21 | LV8: 53 | LW8: 46 | LX8: 22 | LY8: 33 | LZ8: 0 | MA8: 0 | MB8: 1 | MC8: 4 | MD8: =SUM(LZ8:MC8) -> 5 | ME8: 0 | MF8: 0 | MG8: 0 | MH8: 0 | MI8: =SUM(ME8:MH8) -> 0
A9: 095d4cd67c517d68 | B9: 28 | C9: M | D9: 29 | E9: 0 | F9: Yes | G9: BBB | H9: 295.72 Disturbo schizoaffettivo, cronico | I9: (295.7) Disturbo schizoaffettivo | J9: (301.9) Disturbo di personalità NAS | L9: 301.83 Disturbo di personalità borderline | M9: Affective disorders | N9: Ideazione autolesiva | O9: 45551 | P9: 45559 | Q9: Disturbo scizoaffettivo | AH9: Aripiprazolo LAI | AI9: 400 mg/4 sett | AJ9: Lorazepam | AK9: 2 mg ore 22 | AL9: BBB | AM9: BBB | AN9: BBB | AO9: BBB | AP9: BBB | AQ9: BBB | AR9: BBB | AS9: BBB | AT9: BBB | AU9: BBB | AV9: BBB | AW9: BBB | AX9: 2 | AZ9: AAA | BA9: =(P9-O9) -> 8 | BG9: 45553 | BH9: BBB | BI9: BBB | BJ9: BBB | BK9: BBB | BL9: BBB | BM9: BBB | BN9: BBB | BO9: BBB | BP9: 4 | BQ9: 2 | BR9: 0 | BS9: 65 | BT9: 1 | BU9: 2 | BV9: 1 | BW9: 3 | BX9: 2 | BY9: 2 | BZ9: 1 | CA9: 1 | CB9: 1 | CC9: 1 | CD9: 1 | CE9: 2 | CF9: 2 | CG9: 1 | CH9: 1 | CI9: 2 | CJ9: 2 | CK9: 3 | CL9: 1 | CM9: 1 | CN9: 1 | CO9: 1 | CP9: 2 | CQ9: 1 | CR9: 2 | CS9: 3 | CT9: 3 | CU9: 3 | CV9: 2 | CW9: 1 | CX9: =SUM(Foglio1!$BT9:$CW9) -> 50 | CY9: =SUM(Foglio1!$BT9+Foglio1!$BV9+Foglio1!$CP9+Foglio1!$BY9+Foglio1!$BX9+Foglio1!$CH9+Foglio1!$CS9+Foglio1!$CW9-Foglio1!$CE9) -> 11 | CZ9: =SUM(Foglio1!$CF9+Foglio1!$CA9+Foglio1!$CB9+Foglio1!$CD9+Foglio1!$CN9+Foglio1!$CC9+Foglio1!$CW9+Foglio1!$CO9+Foglio1!$CT9-Foglio1!$BU9) -> 10 | DA9: =SUM(Foglio1!$CG9+Foglio1!$CR9+Foglio1!$CQ9+Foglio1!$BU9+Foglio1!$CE9+Foglio1!$CL9+Foglio1!$CS9+Foglio1!$CT9+Foglio1!$CV9+Foglio1!$CP9) -> 19 | DB9: =SUM(Foglio1!$CU9+Foglio1!$BW9+Foglio1!$BZ9+Foglio1!$CO9+Foglio1!$BX9+Foglio1!$CC9+Foglio1!$CK9+Foglio1!$CW9) -> 15 | DC9: =SUM(Foglio1!$CI9+Foglio1!$CM9+Foglio1!$CJ9+Foglio1!$CK9+Foglio1!$BY9+Foglio1!$CH9+Foglio1!$CV9+Foglio1!$CW9) -> 14 | DD9: 0 | DE9: 0 | DF9: 0 | DG9: 0 | DH9: 0 | DI9: 0 | DJ9: 0 | DK9: 0 | DL9: 0 | DM9: 0 | DN9: 0 | DO9: 0 | DP9: 0 | DQ9: 0 | DR9: 0 | DS9: 0 | DT9: 0 | DU9: 0 | DV9: 1 | DW9: 0 | DX9: 0 | DY9: 2 | DZ9: 0 | EA9: 0 | EB9: 1 | EC9: 0 | ED9: 3 | EE9: 0 | EF9: 0 | EG9: 2 | EH9: =(Foglio1!$DE9+Foglio1!$DH9+Foglio1!$DG9+Foglio1!$DF9+Foglio1!$DM9+Foglio1!$DD9+Foglio1!$DO9+Foglio1!$DL9+Foglio1!$DN9+Foglio1!$DQ9+Foglio1!$DP9+Foglio1!$DT9+Foglio1!$DI9+Foglio1!$DK9+Foglio1!$DU9) -> 0 | EI9: =(Foglio1!$EA9+Foglio1!$EB9+Foglio1!$EE9+Foglio1!$EC9+Foglio1!$ED9+Foglio1!$DZ9+Foglio1!$DY9) -> 6 | EJ9: =(Foglio1!$DW9+Foglio1!$DV9+Foglio1!$DX9) -> 1 | EK9: =(Foglio1!$EG9+Foglio1!$EF9) -> 2 | EL9: 1 | EM9: 0 | EN9: 1 | EO9: 1 | EP9: {=SUM(EL9:EO9/4)} -> 0.75 | EQ9: 1 | ER9: 0 | ES9: 1 | ET9: 0 | EU9: Era ironia la sua | EV9: 1 | EW9: Che agisca | EX9: 1 | EY9: =(Foglio1!$EQ9+Foglio1!$ER9+Foglio1!$ES9+Foglio1!$ET9+Foglio1!$EV9+Foglio1!$EX9)/6 -> 0.66666667 | EZ9: 1 | FB9: 1 | FC9: =(Foglio1!$EZ9+Foglio1!$FA9+Foglio1!$FB9)/3 -> 0.66666667 | FD9: AAA | FE9: 0 | FF9: =(Foglio1!$FD9+Foglio1!$FE9)/2 -> #VALUE! | FG9: Che con i libri si ha tanto tesoro, cioè tante conoscenze | FH9: 1 | FI9: Eh che se capita una buona occasione l'uomo ne approfitta | FJ9: 1 | FK9: Non si vive solo di cibo ma ci sono anche altri bisogni | FL9: 0 | FM9: =(Foglio1!$FH9+Foglio1!$FJ9+Foglio1!$FL9)/3 -> 0.66666667 | FN9: =(Foglio1!$EP9) -> 0.75 | FO9: =(Foglio1!$EY9+Foglio1!$FC9+Foglio1!$FF9+Foglio1!$FM9)/4 -> #VALUE! | FP9: =(Foglio1!$EP9+Foglio1!$EY9+Foglio1!$FC9+Foglio1!$FF9+Foglio1!$FM9)/5 -> #VALUE! | FQ9: 45558 | FR9: BBB | FS9: BBB | FT9: BBB | FU9: BBB | FV9: BBB | FW9: BBB | FX9: BBB | FY9: 3 | FZ9: 3 | GA9: 9 | GB9: 70 | GC9: 0 | GD9: 1 | GE9: 0 | GF9: 2 | GG9: 0 | GH9: 1 | GI9: 0 | GJ9: 0 | GK9: 0 | GL9: 1 | GM9: 0 | GN9: 1 | GO9: 0 | GP9: 0 | GQ9: 0 | GR9: 1 | GS9: 1 | GT9: 2 | GU9: 0 | GV9: 0 | GW9: 0 | GX9: 0 | GY9: 1 | GZ9: 0 | HA9: 1 | HB9: 1 | HC9: 1 | HD9: 1 | HE9: 1 | HF9: 0 | HG9: =SUM(GC9:HF9) -> 16 | HH9: =SUM(GC9+GE9+GY9+GH9+GG9+GQ9+HB9+HF9-GN9) -> 2 | HI9: =SUM(GO9+GJ9+GK9+GM9+GW9+GL9+HF9+GX9+HC9-GD9) -> 1 | HJ9: =SUM(GP9+HA9+GZ9+GD9+GN9+GU9+HB9+HC9+HE9+GY9) -> 7 | HK9: =SUM(HD9+GF9+GI9+GX9+GG9+GL9+GT9+HF9) -> 6 | HL9: =SUM(GR9+GV9+GS9+GT9+GH9+GQ9+HE9+HF9) -> 6 | HM9: 0 | HN9: 0 | HO9: 0 | HP9: 0 | HQ9: 0 | HR9: 0 | HS9: 0 | HT9: 0 | HU9: 0 | HV9: 0 | HW9: 0 | HX9: 0 | HY9: 0 | HZ9: 0 | IA9: 0 | IB9: 0 | IC9: 2 | ID9: 0 | IE9: 0 | IF9: 0 | IG9: 1 | IH9: 0 | II9: 3 | IJ9: 0 | IK9: 0 | IL9: 0 | IM9: 0 | IN9: 2 | IO9: 1 | IP9: 0 | IQ9: =SUM(HN9+HQ9+HP9+HO9+HV9+HM9+HX9+HU9+HW9+HZ9+HY9+IC9+HR9+HT9+ID9) -> 2 | IR9: =SUM(IJ9+IK9+IN9+IL9+IM9+II9+IH9) -> 5 | IS9: =SUM(IF9+IE9+IG9) -> 1 | IT9: =SUM(IP9+IO9) -> 1 | IU9: AAA | IV9: AAA | IW9: AAA | IX9: AAA | IY9: 0 | IZ9: 1 | JA9: 1 | JB9: 1 | JC9: =(Foglio1!$IY9+Foglio1!$IZ9+Foglio1!$JA9+Foglio1!$JB9)/4 -> 0.75 | JD9: 1 | JE9: 0 | JF9: 1 | JH9: Un pezzo di cultura, un tesoro, è una cosa preziosa | JI9: 1 | JJ9: gli darebbero lavoro | JK9: 0 | JL9: =(Foglio1!$JD9+Foglio1!$JE9+Foglio1!$JF9+Foglio1!$JG9+Foglio1!$JI9+Foglio1!$JK9)/6 -> 0.5 | JM9: 1 | JN9: 1 | JP9: =(Foglio1!$JM9+Foglio1!$JN9+Foglio1!$JO9)/3 -> 0.66666667 | JQ9: 1 | JR9: AAA | JS9: =(Foglio1!$JQ9+Foglio1!$JR9)/2 -> #VALUE! | JT9: dicono quello che gli pare per attirare l'attenzione, inventano cose false anche | JU9: 0 | JV9: Un cane che abbaia ha paura e basta | JW9: 0 | JX9: che una persona può avere due facce | JY9: 0 | JZ9: =(Foglio1!$JU9+Foglio1!$JW9+Foglio1!$JY9)/3 -> 0 | KA9: =(Foglio1!$JC9) -> 0.75 | KB9: =(Foglio1!$JL9+Foglio1!$JP9+Foglio1!$JS9+Foglio1!$JZ9)/4 -> #VALUE! | KC9: =(Foglio1!$JC9+Foglio1!$JL9+Foglio1!$JP9+Foglio1!$JS9+Foglio1!$JZ9)/5 -> #VALUE! | KD9: si confondono sempre, stanno sempre a cercare cose | KE9: 0 | KF9: 3 | KG9: pizzicano | KH9: 0 | KI9: 2 | KJ9: ti appoggiano | KK9: 1 | KL9: 2 | KM9: È in bianco | KN9: 2 | KO9: 1 | KP9: Certi amici possono aiutare | KQ9: 1 | KR9: 3 | KS9: I vecchi sono lenti | KT9: 2 | KU9: 1 | KV9: è adorabile | KW9: 0 | KX9: 2 | KY9: Pensano molto, viaggiano con la mente | KZ9: 1 | LA9: 3 | LB9: i cantanti cantano bene | LC9: 2 | LD9: 1 | LE9: ci si può appoggiare su di loro | LF9: 2 | LG9: 3 | LH9: Si mimetizzano | LI9: 0 | LJ9: 1 | LK9: Ricchi. Lussuosi | LL9: 0 | LM9: 2 | LN9: sono carinissimi. Sono teneri | LO9: 2 | LP9: 2 | LQ9: danno idee | LR9: 0 | LS9: 3 | LT9: =(Foglio1!$KE9+Foglio1!$KH9+Foglio1!$KK9+Foglio1!$KN9+Foglio1!$KQ9+Foglio1!$KT9+Foglio1!$KW9+Foglio1!$KZ9+Foglio1!$LC9+Foglio1!$LF9+Foglio1!$LI9+Foglio1!$LL9+Foglio1!$LO9+Foglio1!$LR9) -> 13 | LU9: =(Foglio1!$KI9+Foglio1!$KF9+Foglio1!$KL9+Foglio1!$KO9+Foglio1!$KR9+Foglio1!$KU9+Foglio1!$KX9+Foglio1!$LA9+Foglio1!$LD9+Foglio1!$LG9+Foglio1!$LJ9+Foglio1!$LM9+Foglio1!$LP9+Foglio1!$LS9) -> 29 | LV9: 32 | LW9: 38 | LX9: 14 | LY9: 31 | LZ9: 1 | MA9: 0 | MB9: 0 | MC9: 2 | MD9: =SUM(LZ9:MC9) -> 3 | ME9: 0 | MF9: 0 | MG9: 0 | MH9: 0 | MI9: =SUM(ME9:MH9) -> 0
A10: 0b47586fe863b9e8 | B10: 63 | C10: F | D10: 13 | E10: 0 | F10: No | G10: BBB | H10: 295.34 Schizofrenia, tipo paranoide, cronico con esarcebazione acuta | I10: 29534. schizofrenia, TIPO PARANOIDE,CRONICO CON ESACERBAZIONE ACUTA | J10: 3019. DISTURBI DI PERSONALITÀ NON SPECIFICATI | L10: 3019. Disturbi di personalità non specificati | M10: Schizophrenia and other psychoses | N10: Scompenso psicotico | O10: 45785 | P10: 45800 | Q10: Schizofrenia | S10: Risperidone LAI | T10: No | V10: Risperidone LAI | W10: Promazina | X10: Delorazepam | Y10: Flurazepam | AH10: Risperidone LAI | AI10: 100 mg/4 sett | AJ10: Promazina | AK10: 15 gtt ore 22 | AL10: Delorazepam | AM10: 52 gtt ore 8-14 | AN10: Flurazepam | AO10: 30 mg ore 22 | AP10: BBB | AQ10: BBB | AR10: BBB | AS10: BBB | AT10: BBB | AU10: BBB | AV10: BBB | AW10: BBB | AX10: 4 | AZ10: AAA | BA10: =(P10-O10) -> 15 | BC10: No | BG10: AAA | BH10: 3 | BI10: 3 | BJ10: 4 | BK10: 4 | BL10: 3 | BM10: 3 | BN10: 3 | BO10: =SUM(Foglio1!$BH38:$BM38) -> 0 | BP10: 5 | BQ10: 4 | BR10: 10 | BS10: 45 | BT10: 5 | BU10: 4 | BV10: 3 | BW10: 3 | BX10: 3 | BY10: 5 | BZ10: 4 | CA10: 4 | CB10: 3 | CC10: 3 | CD10: 2 | CE10: 3 | CF10: 3 | CG10: 3 | CH10: 3 | CI10: 2 | CJ10: 2 | CK10: 1 | CL10: 3 | CM10: 2 | CN10: 2 | CO10: 4 | CP10: 5 | CQ10: 2 | CR10: 2 | CS10: 3 | CT10: 2 | CU10: 2 | CV10: 2 | CW10: 3 | CX10: =SUM(Foglio1!$BT10:$CW10) -> 88 | CY10: =SUM(Foglio1!$BT10+Foglio1!$BV10+Foglio1!$CP10+Foglio1!$BY10+Foglio1!$BX10+Foglio1!$CH10+Foglio1!$CS10+Foglio1!$CW10-Foglio1!$CE10) -> 27 | CZ10: =SUM(Foglio1!$CF10+Foglio1!$CA10+Foglio1!$CB10+Foglio1!$CD10+Foglio1!$CN10+Foglio1!$CC10+Foglio1!$CW10+Foglio1!$CO10+Foglio1!$CT10-Foglio1!$BU10) -> 22 | DA10: =SUM(Foglio1!$CG10+Foglio1!$CR10+Foglio1!$CQ10+Foglio1!$BU10+Foglio1!$CE10+Foglio1!$CL10+Foglio1!$CS10+Foglio1!$CT10+Foglio1!$CV10+Foglio1!$CP10) -> 29 | DB10: =SUM(Foglio1!$CU10+Foglio1!$BW10+Foglio1!$BZ10+Foglio1!$CO10+Foglio1!$BX10+Foglio1!$CC10+Foglio1!$CK10+Foglio1!$CW10) -> 23 | DC10: =SUM(Foglio1!$CI10+Foglio1!$CM10+Foglio1!$CJ10+Foglio1!$CK10+Foglio1!$BY10+Foglio1!$CH10+Foglio1!$CV10+Foglio1!$CW10) -> 20 | DD10: 4 | DE10: 0 | DF10: 2 | DG10: 0 | DH10: 0 | DI10: 0 | DJ10: 0 | DK10: 0 | DL10: 0 | DM10: 0 | DN10: 0 | DO10: 0 | DP10: 0 | DQ10: 0 | DR10: 0 | DS10: 0 | DT10: 0 | DU10: 3 | DV10: 1 | DW10: 0 | DX10: 0 | DY10: 0 | DZ10: 0 | EA10: 1 | EB10: 3 | EC10: 2 | ED10: 1 | EE10: 0 | EF10: 3 | EG10: 4 | EH10: =(Foglio1!$DE10+Foglio1!$DH10+Foglio1!$DG10+Foglio1!$DF10+Foglio1!$DM10+Foglio1!$DD10+Foglio1!$DO10+Foglio1!$DL10+Foglio1!$DN10+Foglio1!$DQ10+Foglio1!$DP10+Foglio1!$DT10+Foglio1!$DI10+Foglio1!$DK10+Foglio1!$DU10) -> 9 | EI10: =(Foglio1!$EA10+Foglio1!$EB10+Foglio1!$EE10+Foglio1!$EC10+Foglio1!$ED10+Foglio1!$DZ10+Foglio1!$DY10) -> 7 | EJ10: =(Foglio1!$DW10+Foglio1!$DV10+Foglio1!$DX10) -> 1 | EK10: =(Foglio1!$EG10+Foglio1!$EF10) -> 7 | EL10: 1 | EM10: 1 | EN10: 1 | EO10: 0 | EP10: {=SUM(EL10:EO10/4)} -> 0.75 | EQ10: 1 | ER10: 1 | ES10: 1 | ET10: 1 | EU10: Forse perché aveva investito in questo negozio, aveva messo delle cose che potevano piacere alle persone e avrebbe avuto più gente che sarebbe andata in negozio o commerciante all'ingrosso, questo non lo so. | EV10: 0 | EW10: Non lo so questo. Non mi è mai capitato di sentire... | EX10: 0 | EY10: =(Foglio1!$EQ10+Foglio1!$ER10+Foglio1!$ES10+Foglio1!$ET10+Foglio1!$EV10+Foglio1!$EX10)/6 -> 0.66666667 | EZ10: 1 | FA10: 0 | FB10: 1 | FC10: =(Foglio1!$EZ10+Foglio1!$FA10+Foglio1!$FB10)/3 -> 0.66666667 | FD10: 1 | FE10: 1 | FF10: =(Foglio1!$FD10+Foglio1!$FE10)/2 -> 1 | FG10: E per il contenuto dei libri che possono dare cultura e portare apporto di formazione alle persone. | FH10: 1 | FI10: Eh, perché... Ne so qualcosa, non per me eh...Se approfittano dele persone delle situazioni. | FJ10: 1 | FK10: Ci sono altre cose c'è il rapporto con le persone il rapporto con le persone, personali, l'uomo ci sono altre cose i genitori, la famiglia. | FL10: 1 | FM10: =(Foglio1!$FH10+Foglio1!$FJ10+Foglio1!$FL10)/3 -> 1 | FN10: =(Foglio1!$EP10) -> 0.75 | FO10: =(Foglio1!$EY10+Foglio1!$FC10+Foglio1!$FF10+Foglio1!$FM10)/4 -> 0.83333333 | FP10: =(Foglio1!$EP10+Foglio1!$EY10+Foglio1!$FC10+Foglio1!$FF10+Foglio1!$FM10)/5 -> 0.81666667 | FR10: BBB | FS10: BBB | FT10: BBB | FU10: BBB | FV10: BBB | FW10: BBB | FX10: BBB | FY10: 3 | FZ10: 3 | GA10: 6 | GB10: 55 | GC10: 4 | GD10: 3 | GE10: 2 | GF10: 2 | GG10: 2 | GH10: 3 | GI10: 2 | GJ10: 2 | GK10: 2 | GL10: 2 | GM10: 2 | GN10: 2 | GO10: 2 | GP10: 2 | GQ10: 3 | GR10: 3 | GS10: 3 | GT10: 1 | GU10: 2 | GV10: 1 | GW10: 2 | GX10: 3 | GY10: 1 | GZ10: 1 | HA10: 2 | HB10: 2 | HC10: 2 | HD10: 3 | HE10: 2 | HF10: 2 | HG10: =SUM(GC10:HF10) -> 65 | HH10: =SUM(GC10+GE10+GY10+GH10+GG10+GQ10+HB10+HF10-GN10) -> 17 | HI10: =SUM(GO10+GJ10+GK10+GM10+GW10+GL10+HF10+GX10+HC10-GD10) -> 16 | HJ10: =SUM(GP10+HA10+GZ10+GD10+GN10+GU10+HB10+HC10+HE10+GY10) -> 19 | HK10: =SUM(HD10+GF10+GI10+GX10+GG10+GL10+GT10+HF10) -> 17 | HL10: =SUM(GR10+GV10+GS10+GT10+GH10+GQ10+HE10+HF10) -> 18 | HM10: BBB | HN10: BBB | HO10: BBB | HP10: BBB | HQ10: BBB | HR10: BBB | HS10: BBB | HT10: BBB | HU10: BBB | HV10: BBB | HW10: BBB | HX10: BBB | HY10: BBB | HZ10: BBB | IA10: BBB | IB10: BBB | IC10: BBB | ID10: BBB | IE10: BBB | IF10: BBB | IG10: BBB | IH10: BBB | II10: BBB | IJ10: BBB | IK10: BBB | IL10: BBB | IM10: BBB | IN10: BBB | IO10: BBB | IP10: BBB | IQ10: BBB | IR10: BBB | IS10: BBB | IT10: BBB | IU10: BBB | IV10: BBB | IW10: BBB | IX10: BBB | IY10: BBB | IZ10: BBB | JA10: BBB | JB10: BBB | JC10: BBB | JD10: BBB | JE10: BBB | JF10: BBB | JG10: BBB | JH10: BBB | JI10: BBB | JJ10: BBB | JK10: BBB | JL10: BBB | JM10: BBB | JN10: BBB | JO10: BBB | JP10: BBB | JQ10: BBB | JR10: BBB | JS10: BBB | JT10: BBB | JU10: BBB | JV10: BBB | JW10: BBB | JX10: BBB | JY10: BBB | JZ10: BBB | KA10: BBB | KB10: BBB | KC10: BBB | KD10: BBB | KE10: BBB | KF10: BBB | KG10: BBB | KH10: BBB | KI10: BBB | KJ10: BBB | KK10: BBB | KL10: BBB | KM10: BBB | KN10: BBB | KO10: BBB | KP10: BBB | KQ10: BBB | KR10: BBB | KS10: BBB | KT10: BBB | KU10: BBB | KV10: BBB | KW10: BBB | KX10: BBB | KY10: BBB | KZ10: BBB | LA10: BBB | LB10: BBB | LC10: BBB | LD10: BBB | LE10: BBB | LF10: BBB | LG10: BBB | LH10: BBB | LI10: BBB | LJ10: BBB | LK10: BBB | LL10: BBB | LM10: BBB | LN10: BBB | LO10: BBB | LP10: BBB | LQ10: BBB | LR10: BBB | LS10: BBB | LT10: BBB | LU10: BBB | LV10: BBB | LW10: BBB | LX10: BBB | LY10: BBB | LZ10: 0 | MA10: 0 | MB10: 1 | MC10: 1 | MD10: =SUM(LZ10:MC10) -> 2 | ME10: 0 | MF10: 0 | MG10: 0 | MH10: 0 | MI10: =SUM(ME10:MH10) -> 0
A11: 55c327ff92e5bb49 | B11: 20 | C11: M | D11: 13 | E11: 1 | F11: Yes | G11: Grandiose | H11: 296.44 Disturbo Bipolare, episodio maniacale, grave, con comportamento psicotico | I11: (298.9) Psicosi NAS | L11: BBB | M11: Affective disorders | N11: Scompenso psicotico | O11: 45495 | P11: 45513 | Q11: CCC | V11: Aloperidolo | W11: Aripiprazolo | X11: Acido valproico | Y11: Delorazepam | AH11: Olanzapina | AI11: 10 mg 2 cp ore 20 | AJ11: Gabapentin | AK11: cp 100 mg 1 cp ore 8 e 1 cp ore 20 | AL11: Aloperidolo | AM11: 1 mg 3 cp ore 8 e 3 cp ore 20 | AN11: BBB | AO11: BBB | AP11: BBB | AQ11: BBB | AR11: BBB | AS11: BBB | AT11: BBB | AU11: BBB | AV11: BBB | AW11: BBB | AX11: 3 | AZ11: AAA | BA11: =(P11-O11) -> 18 | BD11: Convinto di avere una propria ditta di trasporti ed essere molto ricco | BG11: 45500 | BH11: 4 | BI11: 2 | BJ11: 4 | BK11: 4 | BL11: 4 | BM11: 4 | BN11: 3 | BO11: =SUM(Foglio1!$BH11:$BM11) -> 22 | BP11: 6 | BQ11: 3 | BR11: 10 | BS11: 50 | BT11: 5 | BU11: 3 | BV11: 1 | BW11: 4 | BX11: 4 | BY11: 3 | BZ11: 3 | CA11: 1 | CB11: 1 | CC11: 1 | CD11: 1 | CE11: 3 | CF11: 1 | CG11: 3 | CH11: 1 | CI11: 1 | CJ11: 1 | CK11: 3 | CL11: 4 | CM11: 1 | CN11: 1 | CO11: 3 | CP11: 5 | CQ11: 1 | CR11: 3 | CS11: 3 | CT11: 1 | CU11: 3 | CV11: 1 | CW11: 1 | CX11: =SUM(Foglio1!$BT11:$CW11) -> 67 | CY11: =SUM(Foglio1!$BT11+Foglio1!$BV11+Foglio1!$CP11+Foglio1!$BY11+Foglio1!$BX11+Foglio1!$CH11+Foglio1!$CS11+Foglio1!$CW11-Foglio1!$CE11) -> 20 | CZ11: =SUM(Foglio1!$CF11+Foglio1!$CA11+Foglio1!$CB11+Foglio1!$CD11+Foglio1!$CN11+Foglio1!$CC11+Foglio1!$CW11+Foglio1!$CO11+Foglio1!$CT11-Foglio1!$BU11) -> 8 | DA11: =SUM(Foglio1!$CG11+Foglio1!$CR11+Foglio1!$CQ11+Foglio1!$BU11+Foglio1!$CE11+Foglio1!$CL11+Foglio1!$CS11+Foglio1!$CT11+Foglio1!$CV11+Foglio1!$CP11) -> 27 | DB11: =SUM(Foglio1!$CU11+Foglio1!$BW11+Foglio1!$BZ11+Foglio1!$CO11+Foglio1!$BX11+Foglio1!$CC11+Foglio1!$CK11+Foglio1!$CW11) -> 22 | DC11: =SUM(Foglio1!$CI11+Foglio1!$CM11+Foglio1!$CJ11+Foglio1!$CK11+Foglio1!$BY11+Foglio1!$CH11+Foglio1!$CV11+Foglio1!$CW11) -> 12 | DD11: 3 | DE11: 3 | DF11: 3 | DG11: 1 | DH11: 0 | DI11: 0 | DJ11: 0 | DK11: 0 | DL11: 0 | DM11: 0 | DN11: 0 | DO11: 0 | DP11: 0 | DQ11: 0 | DR11: 0 | DS11: 0 | DT11: 2 | DU11: 0 | DV11: 3 | DW11: 2 | DX11: 2 | DY11: 0 | DZ11: 2 | EA11: 3 | EB11: 0 | EC11: 1 | ED11: 0 | EE11: 3 | EF11: 0 | EG11: 0 | EH11: =(Foglio1!$DE11+Foglio1!$DH11+Foglio1!$DG11+Foglio1!$DF11+Foglio1!$DM11+Foglio1!$DD11+Foglio1!$DO11+Foglio1!$DL11+Foglio1!$DN11+Foglio1!$DQ11+Foglio1!$DP11+Foglio1!$DT11+Foglio1!$DI11+Foglio1!$DK11+Foglio1!$DU11) -> 12 | EI11: =(Foglio1!$EA11+Foglio1!$EB11+Foglio1!$EE11+Foglio1!$EC11+Foglio1!$ED11+Foglio1!$DZ11+Foglio1!$DY11) -> 9 | EJ11: =(Foglio1!$DW11+Foglio1!$DV11+Foglio1!$DX11) -> 7 | EK11: =(Foglio1!$EG11+Foglio1!$EF11) -> 0 | EL11: 1 | EM11: 0 | EN11: 0 | EO11: 1 | EP11: {=SUM(EL11:EO11/4)} -> 0.5 | EQ11: 1 | ER11: 1 | ES11: 1 | ET11: 0 | EU11: sta scherzando, nessuna famiglia che sa che ci sono tanti cinghiali andrà a fare shopping, tutti vorrebbero venire a vederla | EV11: 0 | EW11: il toro secondo me è questa persona che ha detto queste minchiate | EX11: 0 | EY11: =(Foglio1!$EQ11+Foglio1!$ER11+Foglio1!$ES11+Foglio1!$ET11+Foglio1!$EV11+Foglio1!$EX11)/6 -> 0.5 | EZ11: 0 | FA11: 1 | FB11: 0 | FC11: =(Foglio1!$EZ11+Foglio1!$FA11+Foglio1!$FB11)/3 -> 0.33333333 | FD11: 1 | FE11: 1 | FF11: =(Foglio1!$FD11+Foglio1!$FE11)/2 -> 1 | FG11: ci potrebbero essere dentro libri antichi, preziosi | FH11: 1 | FI11: un uomo onesto quando c'è l'occasione per cui può prendere da un uomo ricco, un uomo che ha miliardo di euro, l'uomo ricco non se ne accorge | FJ11: 0 | FK11: se mangi solo pane è dura, devi bere pure l'acqua | FL11: 0 | FM11: =(Foglio1!$FH11+Foglio1!$FJ11+Foglio1!$FL11)/3 -> 0.33333333 | FN11: =(Foglio1!$EP11) -> 0.5 | FO11: =(Foglio1!$EY11+Foglio1!$FC11+Foglio1!$FF11+Foglio1!$FM11)/4 -> 0.54166667 | FP11: =(Foglio1!$EP11+Foglio1!$EY11+Foglio1!$FC11+Foglio1!$FF11+Foglio1!$FM11)/5 -> 0.53333333 | FQ11: 45504 | FR11: 2 | FS11: 1 | FT11: 2 | FU11: 1 | FV11: 2 | FW11: 3 | FX11: 2 | FY11: 4 | FZ11: 2 | GA11: 6 | GB11: 60 | GC11: 3 | GD11: 2 | GE11: 0 | GF11: 2 | GG11: 3 | GH11: 2 | GI11: 1 | GJ11: 0 | GK11: 0 | GL11: 0 | GM11: 0 | GN11: 2 | GO11: 0 | GP11: 0 | GQ11: 2 | GR11: 0 | GS11: 2 | GT11: 2 | GU11: 2 | GV11: 0 | GW11: 0 | GX11: 1 | GY11: 3 | GZ11: 0 | HA11: 2 | HB11: 2 | HC11: 0 | HD11: 2 | HE11: 0 | HF11: 0 | HG11: =SUM(GC11:HF11) -> 33 | HH11: =SUM(GC11+GE11+GY11+GH11+GG11+GQ11+HB11+HF11-GN11) -> 13 | HI11: =SUM(GO11+GJ11+GK11+GM11+GW11+GL11+HF11+GX11+HC11-GD11) -> -1 | HJ11: =SUM(GP11+HA11+GZ11+GD11+GN11+GU11+HB11+HC11+HE11+GY11) -> 13 | HK11: =SUM(HD11+GF11+GI11+GX11+GG11+GL11+GT11+HF11) -> 11 | HL11: =SUM(GR11+GV11+GS11+GT11+GH11+GQ11+HE11+HF11) -> 8 | HM11: 0 | HN11: 0 | HO11: 2 | HP11: 0 | HQ11: 0 | HR11: 0 | HS11: 0 | HT11: 0 | HU11: 0 | HV11: 0 | HW11: 0 | HX11: 0 | HY11: 0 | HZ11: 0 | IA11: 0 | IB11: 0 | IC11: 0 | ID11: 0 | IE11: 0 | IF11: 0 | IG11: 4 | IH11: 1 | II11: 0 | IJ11: 0 | IK11: 0 | IL11: 0 | IM11: 0 | IN11: 0 | IO11: 0 | IP11: 0 | IQ11: =SUM(HN11+HQ11+HP11+HO11+HV11+HM11+HX11+HU11+HW11+HZ11+HY11+IC11+HR11+HT11+ID11) -> 2 | IR11: =SUM(IJ11+IK11+IN11+IL11+IM11+II11+IH11) -> 1 | IS11: =SUM(IF11+IE11+IG11) -> 4 | IT11: =SUM(IP11+IO11) -> 0 | IU11: AAA | IV11: AAA | IW11: AAA | IX11: AAA | IY11: 1 | IZ11: 0 | JA11: 1 | JB11: 1 | JC11: =(Foglio1!$IY11+Foglio1!$IZ11+Foglio1!$JA11+Foglio1!$JB11)/4 -> 0.75 | JD11: 1 | JE11: 1 | JF11: 0 | JG11: 1 | JH11: porta tanti soldi, tanti clienti | JI11: 0 | JJ11: portando tanti soldi, clienti, cittadini c'è la possibilità di portare più gente a lavorare nel museo e dare loro uno stipendio | JK11: 0 | JL11: =(Foglio1!$JD11+Foglio1!$JE11+Foglio1!$JF11+Foglio1!$JG11+Foglio1!$JI11+Foglio1!$JK11)/6 -> 0.5 | JM11: 1 | JN11: 1 | JO11: 1 | JP11: =(Foglio1!$JM11+Foglio1!$JN11+Foglio1!$JO11)/3 -> 1 | JQ11: 0 | JR11: 0 | JS11: =(Foglio1!$JQ11+Foglio1!$JR11)/2 -> 0 | JT11: tu vuoi rispondere ad una certa domanda ma se vengono lì in cinquanta e ti ficcano il microfono pure nel naso ti viene da dire vattene a fanculo tu e il microfono | JU11: 0 | JV11: un cane che abbaia cerca solo di allontanarti ma se entri lui non ti morde perché è un bravo cane ed è stato educato a non mordere | JW11: 0 | JX11: se prendi l'oro oggi non è detto che lo prendi anche domani | JY11: 0 | JZ11: =(Foglio1!$JU11+Foglio1!$JW11+Foglio1!$JY11)/3 -> 0 | KA11: =(Foglio1!$JC11) -> 0.75 | KB11: =(Foglio1!$JL11+Foglio1!$JP11+Foglio1!$JS11+Foglio1!$JZ11)/4 -> 0.375 | KC11: =(Foglio1!$JC11+Foglio1!$JL11+Foglio1!$JP11+Foglio1!$JS11+Foglio1!$JZ11)/5 -> 0.45 | KD11: cambiano idea da un momento all'altro, quindi oggi sono così e domani cosà | KE11: 2 | KF11: 3 | KG11: sono delle vipere, ti pungono, fanno apposta per farti del male | KH11: 1 | KI11: 2 | KJ11: quando un giorno invecchierai saranno le tue stampelle, ti aiuteranno a fare quello che dovevi fare prima | KK11: 2 | KL11: 2 | KM11: il vestito da sposa è così appariscente, grosso che sembra una nuvola | KN11: 1 | KO11: 1 | KP11: ti salvano da situazioni brutte | KQ11: 1 | KR11: 2 | KS11: camminano lento | KT11: 2 | KU11: 1 | KV11: può farsi vedere che è lento come un panda apposta sul ring per far credre all'avversario che è una mezza sega ma in un momento buono gli da un colpo e lo mette ko | KW11: 1 | KX11: 1 | KY11: con i loro pensieri sono in grado di volare e arrivare dove noi con i nostri pensieri non ci arriviamo | KZ11: 2 | LA11: 3 | LB11: cantano bene e non tutti cantano bene | LC11: 2 | LD11: 1 | LE11: se non ci fossero loro che hanno retto tutta la baracca oggi non ci sarebbe stato niente | LF11: 1 | LG11: 2 | LH11: sono in grado di salvare le persone, perché la lucertola vive anche sott'acqua | LI11: 0 | LJ11: 1 | LK11: si fanno vedere, mostrano solo le cose belle e poi non fanno niente | LL11: 2 | LM11: 2 | LN11: sono piccolini, come un batuffolo piccolo, sono piccoli e appena nati | LO11: 1 | LP11: 1 | LQ11: nel momento in cui sei in un momento buio loro se ne accorgono, ti cazziano e cazziandoti tu ti riprendi dal buio e ti da la luce | LR11: 1 | LS11: 2 | LT11: =(Foglio1!$KE11+Foglio1!$KH11+Foglio1!$KK11+Foglio1!$KN11+Foglio1!$KQ11+Foglio1!$KT11+Foglio1!$KW11+Foglio1!$KZ11+Foglio1!$LC11+Foglio1!$LF11+Foglio1!$LI11+Foglio1!$LL11+Foglio1!$LO11+Foglio1!$LR11) -> 19 | LU11: =(Foglio1!$KI11+Foglio1!$KF11+Foglio1!$KL11+Foglio1!$KO11+Foglio1!$KR11+Foglio1!$KU11+Foglio1!$KX11+Foglio1!$LA11+Foglio1!$LD11+Foglio1!$LG11+Foglio1!$LJ11+Foglio1!$LM11+Foglio1!$LP11+Foglio1!$LS11) -> 24 | LV11: 53 | LW11: 39 | LX11: 25 | LY11: 23 | LZ11: 0 | MA11: 1 | MB11: 3 | MC11: 1 | MD11: =SUM(LZ11:MC11) -> 5 | ME11: 0 | MF11: 0 | MG11: 0 | MH11: 0 | MI11: =SUM(ME11:MH11) -> 0
A12: 23c95fcc2fa65942 | B12: 46 | C12: F | D12: 18 | E12: 0 | F12: Yes | G12: BBB | H12: 296.42 Disturbo bipolare tipo I episodio maniacale moderato | I12: 296.42 Disturbo bipolare tipo I episodio maniacale moderato | L12: BBB | M12: Affective disorders | N12: Scompenso maniacale | O12: 45805 | P12: 45820 | Q12: disturbo bipolare I | S12: Aripiprazolo LAI | T12: No | V12: Promazina | W12: Clotiapina | X12: Litio solfato | Y12: Lorazepam | AH12: Litio solfato | AI12: 166 mg ore 8 | AJ12: Zolpidem | AK12: 10 mg ore 22 | AL12: Lorazepam | AM12: 2,5 mg ore 22 | AN12: Promazina | AO12: 25 gtt ore 22 | AP12: BBB | AQ12: BBB | AR12: BBB | AS12: BBB | AT12: BBB | AU12: BBB | AV12: BBB | AW12: BBB | AX12: 4 | AZ12: AAA | BA12: =(P12-O12) -> 15 | BC12: No | BG12: 45812 | BH12: BBB | BI12: BBB | BJ12: BBB | BK12: BBB | BL12: BBB | BM12: BBB | BN12: BBB | BO12: BBB | BP12: 2 | BQ12: 2 | BR12: 9 | BS12: 61 | BT12: 1 | BU12: 1 | BV12: 1 | BW12: 1 | BX12: 1 | BY12: 1 | BZ12: 1 | CA12: 1 | CB12: 1 | CC12: 1 | CD12: 1 | CE12: 2 | CF12: 2 | CG12: 1 | CH12: 3 | CI12: 4 | CJ12: 5 | CK12: 5 | CL12: 1 | CM12: 3 | CN12: 1 | CO12: 1 | CP12: 1 | CQ12: 1 | CR12: 1 | CS12: 3 | CT12: 3 | CU12: 3 | CV12: 4 | CW12: 2 | CX12: =SUM(Foglio1!$BT12:$CW12) -> 57 | CY12: =SUM(Foglio1!$BT12+Foglio1!$BV12+Foglio1!$CP12+Foglio1!$BY12+Foglio1!$BX12+Foglio1!$CH12+Foglio1!$CS12+Foglio1!$CW12-Foglio1!$CE12) -> 11 | CZ12: =SUM(Foglio1!$CF12+Foglio1!$CA12+Foglio1!$CB12+Foglio1!$CD12+Foglio1!$CN12+Foglio1!$CC12+Foglio1!$CW12+Foglio1!$CO12+Foglio1!$CT12-Foglio1!$BU12) -> 12 | DA12: =SUM(Foglio1!$CG12+Foglio1!$CR12+Foglio1!$CQ12+Foglio1!$BU12+Foglio1!$CE12+Foglio1!$CL12+Foglio1!$CS12+Foglio1!$CT12+Foglio1!$CV12+Foglio1!$CP12) -> 18 | DB12: =SUM(Foglio1!$CU12+Foglio1!$BW12+Foglio1!$BZ12+Foglio1!$CO12+Foglio1!$BX12+Foglio1!$CC12+Foglio1!$CK12+Foglio1!$CW12) -> 15 | DC12: =SUM(Foglio1!$CI12+Foglio1!$CM12+Foglio1!$CJ12+Foglio1!$CK12+Foglio1!$BY12+Foglio1!$CH12+Foglio1!$CV12+Foglio1!$CW12) -> 27 | DD12: 1 | DE12: 0 | DF12: 1 | DG12: 0 | DH12: 0 | DI12: 0 | DJ12: 0 | DK12: 0 | DL12: 0 | DM12: 1 | DN12: 0 | DO12: 0 | DP12: 0 | DQ12: 0 | DR12: 0 | DS12: 0 | DT12: 1 | DU12: 0 | DV12: 1 | DW12: 0 | DX12: 0 | DY12: 1 | DZ12: 3 | EA12: 0 | EB12: 0 | EC12: 0 | ED12: 0 | EE12: 0 | EF12: 3 | EG12: 0 | EH12: =(Foglio1!$DE12+Foglio1!$DH12+Foglio1!$DG12+Foglio1!$DF12+Foglio1!$DM12+Foglio1!$DD12+Foglio1!$DO12+Foglio1!$DL12+Foglio1!$DN12+Foglio1!$DQ12+Foglio1!$DP12+Foglio1!$DT12+Foglio1!$DI12+Foglio1!$DK12+Foglio1!$DU12) -> 4 | EI12: =(Foglio1!$EA12+Foglio1!$EB12+Foglio1!$EE12+Foglio1!$EC12+Foglio1!$ED12+Foglio1!$DZ12+Foglio1!$DY12) -> 4 | EJ12: =(Foglio1!$DW12+Foglio1!$DV12+Foglio1!$DX12) -> 1 | EK12: =(Foglio1!$EG12+Foglio1!$EF12) -> 3 | EL12: 0 | EM12: 1 | EN12: 1 | EO12: 1 | EP12: {=SUM(EL12:EO12/4)} -> 0.75 | EQ12: 1 | ER12: 1 | ES12: 0 | ET12: 1 | EU12: AAA | EV12: 1 | EW12: AAA | EX12: 0 | EY12: =(Foglio1!$EQ12+Foglio1!$ER12+Foglio1!$ES12+Foglio1!$ET12+Foglio1!$EV12+Foglio1!$EX12)/6 -> 0.66666667 | EZ12: 1 | FA12: 1 | FB12: 1 | FC12: =(Foglio1!$EZ12+Foglio1!$FA12+Foglio1!$FB12)/3 -> 1 | FD12: 0 | FE12: 0 | FF12: =(Foglio1!$FD12+Foglio1!$FE12)/2 -> 0 | FG12: AAA | FH12: 0 | FI12: AAA | FJ12: 0 | FK12: AAA | FL12: 0 | FM12: =(Foglio1!$FH12+Foglio1!$FJ12+Foglio1!$FL12)/3 -> 0 | FN12: =(Foglio1!$EP12) -> 0.75 | FO12: =(Foglio1!$EY12+Foglio1!$FC12+Foglio1!$FF12+Foglio1!$FM12)/4 -> 0.41666667 | FP12: =(Foglio1!$EP12+Foglio1!$EY12+Foglio1!$FC12+Foglio1!$FF12+Foglio1!$FM12)/5 -> 0.48333333 | FQ12: 45819 | FR12: BBB | FS12: BBB | FT12: BBB | FU12: BBB | FV12: BBB | FW12: BBB | FX12: BBB | FY12: 2 | FZ12: 3 | GA12: 5 | GB12: 70 | GC12: 1 | GD12: 1 | GE12: 1 | GF12: 1 | GG12: 1 | GH12: 1 | GI12: 1 | GJ12: 1 | GK12: 1 | GL12: 1 | GM12: 1 | GN12: 2 | GO12: 1 | GP12: 1 | GQ12: 2 | GR12: 2 | GS12: 2 | GT12: 2 | GU12: 1 | GV12: 2 | GW12: 1 | GX12: 1 | GY12: 1 | GZ12: 1 | HA12: 1 | HB12: 2 | HC12: 2 | HD12: 3 | HE12: 3 | HF12: 1 | HG12: =SUM(GC12:HF12) -> 42 | HH12: =SUM(GC12+GE12+GY12+GH12+GG12+GQ12+HB12+HF12-GN12) -> 8 | HI12: =SUM(GO12+GJ12+GK12+GM12+GW12+GL12+HF12+GX12+HC12-GD12) -> 9 | HJ12: =SUM(GP12+HA12+GZ12+GD12+GN12+GU12+HB12+HC12+HE12+GY12) -> 15 | HK12: =SUM(HD12+GF12+GI12+GX12+GG12+GL12+GT12+HF12) -> 11 | HL12: =SUM(GR12+GV12+GS12+GT12+GH12+GQ12+HE12+HF12) -> 15 | HM12: 1 | HN12: 1 | HO12: 2 | HP12: 0 | HQ12: 0 | HR12: 0 | HS12: 0 | HT12: 0 | HU12: 0 | HV12: 0 | HW12: 0 | HX12: 0 | HY12: 0 | HZ12: 0 | IA12: 0 | IB12: 0 | IC12: 1 | ID12: 0 | IE12: 1 | IF12: 0 | IG12: 0 | IH12: 0 | II12: 0 | IJ12: 1 | IK12: 0 | IL12: 0 | IM12: 0 | IN12: 0 | IO12: 1 | IP12: 2 | IQ12: =SUM(HN12+HQ12+HP12+HO12+HV12+HM12+HX12+HU12+HW12+HZ12+HY12+IC12+HR12+HT12+ID12) -> 5 | IR12: =SUM(IJ12+IK12+IN12+IL12+IM12+II12+IH12) -> 1 | IS12: =SUM(IF12+IE12+IG12) -> 1 | IT12: =SUM(IP12+IO12) -> 3 | IU12: AAA | IV12: AAA | IW12: AAA | IX12: AAA | IY12: 0 | IZ12: 1 | JA12: 1 | JB12: 1 | JC12: =(Foglio1!$IY12+Foglio1!$IZ12+Foglio1!$JA12+Foglio1!$JB12)/4 -> 0.75 | JD12: 1 | JE12: 1 | JF12: 1 | JG12: 1 | JI12: 1 | JK12: 0 | JL12: =(Foglio1!$JD12+Foglio1!$JE12+Foglio1!$JF12+Foglio1!$JG12+Foglio1!$JI12+Foglio1!$JK12)/6 -> 0.83333333 | JM12: 1 | JN12: 1 | JO12: 1 | JP12: =(Foglio1!$JM12+Foglio1!$JN12+Foglio1!$JO12)/3 -> 1 | JQ12: 0 | JR12: 0 | JS12: =(Foglio1!$JQ12+Foglio1!$JR12)/2 -> 0 | JU12: 1 | JW12: 1 | JY12: 1 | JZ12: =(Foglio1!$JU12+Foglio1!$JW12+Foglio1!$JY12)/3 -> 1 | KA12: =(Foglio1!$JC12) -> 0.75 | KB12: =(Foglio1!$JL12+Foglio1!$JP12+Foglio1!$JS12+Foglio1!$JZ12)/4 -> 0.70833333 | KC12: =(Foglio1!$JC12+Foglio1!$JL12+Foglio1!$JP12+Foglio1!$JS12+Foglio1!$JZ12)/5 -> 0.71666667 | KE12: 2 | KF12: 2 | KH12: 1 | KI12: 1 | KK12: 2 | KL12: 2 | KN12: 2 | KO12: 1 | KQ12: 1 | KR12: 1 | KT12: 2 | KU12: 1 | KW12: 2 | KX12: 1 | KZ12: 1 | LA12: 2 | LC12: 1 | LD12: 1 | LF12: 1 | LG12: 2 | LI12: 2 | LJ12: 1 | LL12: 0 | LM12: 1 | LO12: 2 | LP12: 2 | LR12: 2 | LS12: 2 | LT12: =(Foglio1!$KE12+Foglio1!$KH12+Foglio1!$KK12+Foglio1!$KN12+Foglio1!$KQ12+Foglio1!$KT12+Foglio1!$KW12+Foglio1!$KZ12+Foglio1!$LC12+Foglio1!$LF12+Foglio1!$LI12+Foglio1!$LL12+Foglio1!$LO12+Foglio1!$LR12) -> 21 | LU12: =(Foglio1!$KI12+Foglio1!$KF12+Foglio1!$KL12+Foglio1!$KO12+Foglio1!$KR12+Foglio1!$KU12+Foglio1!$KX12+Foglio1!$LA12+Foglio1!$LD12+Foglio1!$LG12+Foglio1!$LJ12+Foglio1!$LM12+Foglio1!$LP12+Foglio1!$LS12) -> 20 | LV12: 42 | LW12: 33 | LX12: 24 | LY12: 24 | LZ12: 2 | MA12: 6 | MB12: 3 | MC12: 0 | MD12: =SUM(LZ12:MC12) -> 11 | ME12: 0 | MF12: 1 | MG12: 0 | MH12: 0 | MI12: =SUM(ME12:MH12) -> 1
A13: 35f333cc37192fd1 | B13: 28 | C13: M | D13: 13 | E13: 1 | F13: Yes | G13: Grandiose | H13: 296.44 Disturbo Bipolare I, episodio maniacale, grave, con comportamento psicotico | I13: (296.44) disturbo bipolare I, episodio maniacale, garve, con comportamento psicotico | L13: BBB | M13: Affective disorders | N13: Scompenso psicotico | O13: 45527 | P13: 45541 | Q13: Disturbo bipolare | AH13: Acido valproico CH | AI13: 500 mg ore 8,20 | AJ13: Quetiapina | AK13: 450 mg/die | AL13: flurazepam | AM13: 15 mg ore 22 | AN13: BBB | AO13: BBB | AP13: BBB | AQ13: BBB | AR13: BBB | AS13: BBB | AT13: BBB | AU13: BBB | AV13: BBB | AW13: BBB | AX13: 3 | AZ13: AAA | BA13: =(P13-O13) -> 14 | BD13: Convinzione di essere molto fortunato | BG13: 45531 | BH13: 3 | BI13: 2 | BJ13: 2 | BK13: 2 | BL13: 2 | BM13: 2 | BN13: 0 | BO13: =SUM(Foglio1!$BH13:$BM13) -> 13 | BP13: 4 | BQ13: 0 | BR13: 5 | BS13: 45 | BT13: 3 | BU13: 3 | BV13: 1 | BW13: 4 | BX13: 4 | BY13: 1 | BZ13: 1 | CA13: 1 | CB13: 1 | CC13: 1 | CD13: 1 | CE13: 1 | CF13: 1 | CG13: 1 | CH13: 1 | CI13: 1 | CJ13: 1 | CK13: 1 | CL13: 1 | CM13: 1 | CN13: 1 | CO13: 1 | CP13: 3 | CQ13: 1 | CR13: 1 | CS13: 2 | CT13: 1 | CU13: 1 | CV13: 3 | CW13: 1 | CX13: =SUM(Foglio1!$BT13:$CW13) -> 45 | CY13: =SUM(Foglio1!$BT13+Foglio1!$BV13+Foglio1!$CP13+Foglio1!$BY13+Foglio1!$BX13+Foglio1!$CH13+Foglio1!$CS13+Foglio1!$CW13-Foglio1!$CE13) -> 15 | CZ13: =SUM(Foglio1!$CF13+Foglio1!$CA13+Foglio1!$CB13+Foglio1!$CD13+Foglio1!$CN13+Foglio1!$CC13+Foglio1!$CW13+Foglio1!$CO13+Foglio1!$CT13-Foglio1!$BU13) -> 6 | DA13: =SUM(Foglio1!$CG13+Foglio1!$CR13+Foglio1!$CQ13+Foglio1!$BU13+Foglio1!$CE13+Foglio1!$CL13+Foglio1!$CS13+Foglio1!$CT13+Foglio1!$CV13+Foglio1!$CP13) -> 17 | DB13: =SUM(Foglio1!$CU13+Foglio1!$BW13+Foglio1!$BZ13+Foglio1!$CO13+Foglio1!$BX13+Foglio1!$CC13+Foglio1!$CK13+Foglio1!$CW13) -> 14 | DC13: =SUM(Foglio1!$CI13+Foglio1!$CM13+Foglio1!$CJ13+Foglio1!$CK13+Foglio1!$BY13+Foglio1!$CH13+Foglio1!$CV13+Foglio1!$CW13) -> 10 | DD13: 2 | DE13: 2 | DF13: 3 | DG13: 1 | DH13: 1 | DI13: 1 | DJ13: 0 | DK13: 0 | DL13: 0 | DM13: 0 | DN13: 0 | DO13: 0 | DP13: 0 | DQ13: 0 | DR13: 0 | DS13: 0 | DT13: 0 | DU13: 1 | DV13: 0 | DW13: 0 | DX13: 0 | DY13: 0 | DZ13: 0 | EA13: 0 | EB13: 2 | EC13: 0 | ED13: 0 | EE13: 2 | EF13: 0 | EG13: 1 | EH13: =(Foglio1!$DE13+Foglio1!$DH13+Foglio1!$DG13+Foglio1!$DF13+Foglio1!$DM13+Foglio1!$DD13+Foglio1!$DO13+Foglio1!$DL13+Foglio1!$DN13+Foglio1!$DQ13+Foglio1!$DP13+Foglio1!$DT13+Foglio1!$DI13+Foglio1!$DK13+Foglio1!$DU13) -> 11 | EI13: =(Foglio1!$EA13+Foglio1!$EB13+Foglio1!$EE13+Foglio1!$EC13+Foglio1!$ED13+Foglio1!$DZ13+Foglio1!$DY13) -> 4 | EJ13: =(Foglio1!$DW13+Foglio1!$DV13+Foglio1!$DX13) -> 0 | EK13: =(Foglio1!$EG13+Foglio1!$EF13) -> 1 | EL13: 1 | EM13: 0 | EN13: 1 | EO13: 1 | EP13: {=SUM(EL13:EO13/4)} -> 0.75 | EQ13: 1 | ER13: 0 | ES13: 0 | ET13: 0 | EU13: ironico | EV13: 1 | EW13: se lo levi dalle palle | EX13: 0 | EY13: =(Foglio1!$EQ13+Foglio1!$ER13+Foglio1!$ES13+Foglio1!$ET13+Foglio1!$EV13+Foglio1!$EX13)/6 -> 0.33333333 | EZ13: 1 | FA13: 1 | FB13: 1 | FC13: =(Foglio1!$EZ13+Foglio1!$FA13+Foglio1!$FB13)/3 -> 1 | FD13: 1 | FE13: 1 | FF13: =(Foglio1!$FD13+Foglio1!$FE13)/2 -> 1 | FG13: miniere di informazioni | FH13: 0 | FI13: se trovo qualcosa che non è di nessuno me la prendo | FJ13: 0 | FK13: bisogna godersi le gioie della vita | FL13: 0 | FM13: =(Foglio1!$FH13+Foglio1!$FJ13+Foglio1!$FL13)/3 -> 0 | FN13: =(Foglio1!$EP13) -> 0.75 | FO13: =(Foglio1!$EY13+Foglio1!$FC13+Foglio1!$FF13+Foglio1!$FM13)/4 -> 0.58333333 | FP13: =(Foglio1!$EP13+Foglio1!$EY13+Foglio1!$FC13+Foglio1!$FF13+Foglio1!$FM13)/5 -> 0.61666667 | FQ13: 45539 | FR13: 1 | FS13: 1 | FT13: 1 | FU13: 1 | FV13: 1 | FW13: 1 | FX13: 1 | FY13: 2 | FZ13: 1 | GA13: 2 | GB13: 81 | GC13: 1 | GD13: 0 | GE13: 0 | GF13: 0 | GG13: 0 | GH13: 0 | GI13: 0 | GJ13: 0 | GK13: 0 | GL13: 0 | GM13: 0 | GN13: 0 | GO13: 0 | GP13: 0 | GQ13: 2 | GR13: 1 | GS13: 0 | GT13: 0 | GU13: 0 | GV13: 0 | GW13: 0 | GX13: 0 | GY13: 1 | GZ13: 0 | HA13: 0 | HB13: 0 | HC13: 0 | HD13: 0 | HE13: 2 | HF13: 0 | HG13: =SUM(GC13:HF13) -> 7 | HH13: =SUM(GC13+GE13+GY13+GH13+GG13+GQ13+HB13+HF13-GN13) -> 4 | HI13: =SUM(GO13+GJ13+GK13+GM13+GW13+GL13+HF13+GX13+HC13-GD13) -> 0 | HJ13: =SUM(GP13+HA13+GZ13+GD13+GN13+GU13+HB13+HC13+HE13+GY13) -> 3 | HK13: =SUM(HD13+GF13+GI13+GX13+GG13+GL13+GT13+HF13) -> 0 | HL13: =SUM(GR13+GV13+GS13+GT13+GH13+GQ13+HE13+HF13) -> 5 | HM13: 3 | HN13: 0 | HO13: 1 | HP13: 0 | HQ13: 0 | HR13: 0 | HS13: 0 | HT13: 0 | HU13: 0 | HV13: 1 | HW13: 0 | HX13: 0 | HY13: 0 | HZ13: 0 | IA13: 0 | IB13: 0 | IC13: 0 | ID13: 0 | IE13: 0 | IF13: 0 | IG13: 1 | IH13: 0 | II13: 0 | IJ13: 0 | IK13: 1 | IL13: 0 | IM13: 0 | IN13: 2 | IO13: 0 | IP13: 0 | IQ13: =SUM(HN13+HQ13+HP13+HO13+HV13+HM13+HX13+HU13+HW13+HZ13+HY13+IC13+HR13+HT13+ID13) -> 5 | IR13: =SUM(IJ13+IK13+IN13+IL13+IM13+II13+IH13) -> 3 | IS13: =SUM(IF13+IE13+IG13) -> 1 | IT13: =SUM(IP13+IO13) -> 0 | IU13: AAA | IV13: AAA | IW13: AAA | IX13: AAA | IY13: 0 | IZ13: 1 | JA13: 1 | JB13: 0 | JC13: =(Foglio1!$IY13+Foglio1!$IZ13+Foglio1!$JA13+Foglio1!$JB13)/4 -> 0.5 | JD13: 1 | JE13: 1 | JF13: 1 | JG13: 1 | JH13: è un servizio a cui il sindaco tiene tanto | JI13: 0 | JJ13: essendoci poco lavoro il museo darà lavoro ai cittadini | JK13: 0 | JL13: =(Foglio1!$JD13+Foglio1!$JE13+Foglio1!$JF13+Foglio1!$JG13+Foglio1!$JI13+Foglio1!$JK13)/6 -> 0.66666667 | JM13: 1 | JN13: 1 | JO13: 1 | JP13: =(Foglio1!$JM13+Foglio1!$JN13+Foglio1!$JO13)/3 -> 1 | JQ13: 1 | JR13: 0 | JS13: =(Foglio1!$JQ13+Foglio1!$JR13)/2 -> 0.5 | JT13: approfittano sempre delle situazioni | JU13: 0 | JV13: uno fa tanto rumore ma alla fine non fa niente | JW13: 1 | JX13: il doppio volto della medaglia | JY13: 0 | JZ13: =(Foglio1!$JU13+Foglio1!$JW13+Foglio1!$JY13)/3 -> 0.33333333 | KA13: =(Foglio1!$JC13) -> 0.5 | KB13: =(Foglio1!$JL13+Foglio1!$JP13+Foglio1!$JS13+Foglio1!$JZ13)/4 -> 0.625 | KC13: =(Foglio1!$JC13+Foglio1!$JL13+Foglio1!$JP13+Foglio1!$JS13+Foglio1!$JZ13)/5 -> 0.6 | KD13: sono abbastana squilibrati | KE13: 0 | KF13: 2 | KG13: la spiga è molto delicata ma se la tocchi dall'alto ti punge | KH13: 0 | KI13: 0 | KJ13: padre e madre ad una certa età devono camminare sul fuglio, usandolo come stampella | KK13: 1 | KL13: 2 | KM13: bianca come una nuvola, vestito sfarzoso | KN13: 2 | KO13: 1 | KP13: servono per darti dei limiti | KQ13: 0 | KR13: 2 | KS13: camminano piano | KT13: 2 | KU13: 1 | KV13: uno che aspetta molto | KW13: 0 | KX13: 2 | KY13: le citazioni dei filosofi le lanci ma non sai dove cazzo vanno | KZ13: 0 | LA13: 0 | LB13: hanno una voce canterina come quella degli uccellini | LC13: 1 | LD13: 1 | LE13: per costruire la personalità serve una base strutturata | LF13: 0 | LG13: 0 | LH13: rischiano la vita tutti i giorni per salvare le persone | LI13: 0 | LJ13: 1 | LK13: sono soltanto una facciata | LL13: 1 | LM13: 2 | LN13: sono delicati | LO13: 2 | LP13: 1 | LQ13: sono vie da seguire | LR13: 0 | LS13: 2 | LT13: =(Foglio1!$KE13+Foglio1!$KH13+Foglio1!$KK13+Foglio1!$KN13+Foglio1!$KQ13+Foglio1!$KT13+Foglio1!$KW13+Foglio1!$KZ13+Foglio1!$LC13+Foglio1!$LF13+Foglio1!$LI13+Foglio1!$LL13+Foglio1!$LO13+Foglio1!$LR13) -> 9 | LU13: =(Foglio1!$KI13+Foglio1!$KF13+Foglio1!$KL13+Foglio1!$KO13+Foglio1!$KR13+Foglio1!$KU13+Foglio1!$KX13+Foglio1!$LA13+Foglio1!$LD13+Foglio1!$LG13+Foglio1!$LJ13+Foglio1!$LM13+Foglio1!$LP13+Foglio1!$LS13) -> 17 | LV13: 20 | LW13: 38 | LX13: 15 | LY13: 27 | LZ13: 0 | MA13: 5 | MB13: 3 | MC13: 3 | MD13: =SUM(LZ13:MC13) -> 11 | ME13: 0 | MF13: 0 | MG13: 0 | MH13: 0 | MI13: =SUM(ME13:MH13) -> 0
A14: ee89d4ae388c6c88 | B14: 38 | C14: M | D14: 13 | E14: 1 | F14: Yes | G14: Persecutory | H14: 297.1 Disturbo delirante | I14: (297.1) Disturbo delirante | J14: 303 sindorme da dipendenza alcolica | L14: 303 Sindrome di dipendenza alcolica | M14: Schizophrenia and other psychoses | N14: Etilismo in psicosi paranoide | O14: 45532 | P14: 45541 | Q14: psicosi paranoide | R14: disturbo di personalità antisociale | AH14: diazepam | AI14: 5 mg ore 8, 13, 18, 22 | AJ14: Paliperidone | AK14: 6 mg ore 20 | AL14: BBB | AM14: BBB | AN14: BBB | AO14: BBB | AP14: BBB | AQ14: BBB | AR14: BBB | AS14: BBB | AT14: BBB | AU14: BBB | AV14: BBB | AW14: BBB | AX14: 2 | AZ14: No | BA14: =(P14-O14) -> 9 | BD14: Essere perseguitatodalla mafia | BG14: 45538 | BH14: 2 | BI14: 1 | BJ14: 3 | BK14: 4 | BL14: 3 | BM14: 3 | BN14: 3 | BO14: =SUM(Foglio1!$BH14:$BM14) -> 16 | BP14: 4 | BQ14: 4 | BR14: 10 | BS14: 40 | BT14: 4 | BU14: 2 | BV14: 1 | BW14: 2 | BX14: 4 | BY14: 4 | BZ14: 4 | CA14: 2 | CB14: 2 | CC14: 1 | CD14: 1 | CE14: 1 | CF14: 1 | CG14: 1 | CH14: 1 | CI14: 1 | CJ14: 2 | CK14: 3 | CL14: 1 | CM14: 2 | CN14: 1 | CO14: 2 | CP14: 3 | CQ14: 1 | CR14: 1 | CS14: 2 | CT14: 2 | CU14: 3 | CV14: 4 | CW14: 2 | CX14: =SUM(Foglio1!$BT14:$CW14) -> 61 | CY14: =SUM(Foglio1!$BT14+Foglio1!$BV14+Foglio1!$CP14+Foglio1!$BY14+Foglio1!$BX14+Foglio1!$CH14+Foglio1!$CS14+Foglio1!$CW14-Foglio1!$CE14) -> 20 | CZ14: =SUM(Foglio1!$CF14+Foglio1!$CA14+Foglio1!$CB14+Foglio1!$CD14+Foglio1!$CN14+Foglio1!$CC14+Foglio1!$CW14+Foglio1!$CO14+Foglio1!$CT14-Foglio1!$BU14) -> 12 | DA14: =SUM(Foglio1!$CG14+Foglio1!$CR14+Foglio1!$CQ14+Foglio1!$BU14+Foglio1!$CE14+Foglio1!$CL14+Foglio1!$CS14+Foglio1!$CT14+Foglio1!$CV14+Foglio1!$CP14) -> 18 | DB14: =SUM(Foglio1!$CU14+Foglio1!$BW14+Foglio1!$BZ14+Foglio1!$CO14+Foglio1!$BX14+Foglio1!$CC14+Foglio1!$CK14+Foglio1!$CW14) -> 21 | DC14: =SUM(Foglio1!$CI14+Foglio1!$CM14+Foglio1!$CJ14+Foglio1!$CK14+Foglio1!$BY14+Foglio1!$CH14+Foglio1!$CV14+Foglio1!$CW14) -> 19 | DD14: 2 | DE14: 0 | DF14: 1 | DG14: 0 | DH14: 0 | DI14: 0 | DJ14: 0 | DK14: 0 | DL14: 0 | DM14: 1 | DN14: 0 | DO14: 0 | DP14: 0 | DQ14: 0 | DR14: 0 | DS14: 0 | DT14: 2 | DU14: 1 | DV14: 0 | DW14: 0 | DX14: 0 | DY14: 0 | DZ14: 0 | EA14: 1 | EB14: 1 | EC14: 0 | ED14: 0 | EE14: 0 | EF14: 0 | EG14: 1 | EH14: =(Foglio1!$DE14+Foglio1!$DH14+Foglio1!$DG14+Foglio1!$DF14+Foglio1!$DM14+Foglio1!$DD14+Foglio1!$DO14+Foglio1!$DL14+Foglio1!$DN14+Foglio1!$DQ14+Foglio1!$DP14+Foglio1!$DT14+Foglio1!$DI14+Foglio1!$DK14+Foglio1!$DU14) -> 7 | EI14: =(Foglio1!$EA14+Foglio1!$EB14+Foglio1!$EE14+Foglio1!$EC14+Foglio1!$ED14+Foglio1!$DZ14+Foglio1!$DY14) -> 2 | EJ14: =(Foglio1!$DW14+Foglio1!$DV14+Foglio1!$DX14) -> 0 | EK14: =(Foglio1!$EG14+Foglio1!$EF14) -> 1 | EL14: 1 | EM14: 0 | EN14: 1 | EO14: 1 | EP14: {=SUM(EL14:EO14/4)} -> 0.75 | EQ14: 1 | ER14: 1 | ES14: 1 | ET14: 1 | EU14: provocativamente ironico | EV14: 1 | EW14: intervenga il più presto possibile in maniera decisa e netta | EX14: 1 | EY14: =(Foglio1!$EQ14+Foglio1!$ER14+Foglio1!$ES14+Foglio1!$ET14+Foglio1!$EV14+Foglio1!$EX14)/6 -> 1 | EZ14: 1 | FA14: 1 | FB14: 1 | FC14: =(Foglio1!$EZ14+Foglio1!$FA14+Foglio1!$FB14)/3 -> 1 | FD14: 1 | FE14: 1 | FF14: =(Foglio1!$FD14+Foglio1!$FE14)/2 -> 1 | FG14: nelle biblioteche ci sono i libri che sono materiali preziosi | FH14: 1 | FI14: magari uno non ruba perché non ha la possibilità di rubare ma se ne avesse l'occasione lo farebbe | FJ14: 0 | FK14: c'è una piramide dei desideri, c'è il mangiare ma ci sono tante altre cose che soddisfano l'uomo sennò saremmo scimmie | FL14: 1 | FM14: =(Foglio1!$FH14+Foglio1!$FJ14+Foglio1!$FL14)/3 -> 0.66666667 | FN14: =(Foglio1!$EP14) -> 0.75 | FO14: =(Foglio1!$EY14+Foglio1!$FC14+Foglio1!$FF14+Foglio1!$FM14)/4 -> 0.91666667 | FP14: =(Foglio1!$EP14+Foglio1!$EY14+Foglio1!$FC14+Foglio1!$FF14+Foglio1!$FM14)/5 -> 0.88333333 | FQ14: 45541 | FR14: 2 | FS14: 1 | FT14: 2 | FU14: 2 | FV14: 2 | FW14: 3 | FX14: 2 | FY14: 4 | FZ14: 3 | GA14: 10 | GB14: 52 | GC14: 2 | GD14: 1 | GE14: 0 | GF14: 0 | GG14: 2 | GH14: 2 | GI14: 2 | GJ14: 1 | GK14: 1 | GL14: 2 | GM14: 1 | GN14: 0 | GO14: 0 | GP14: 0 | GQ14: 0 | GR14: 1 | GS14: 3 | GT14: 3 | GU14: 0 | GV14: 2 | GW14: 0 | GX14: 2 | GY14: 2 | GZ14: 0 | HA14: 2 | HB14: 2 | HC14: 2 | HD14: 2 | HE14: 2 | HF14: 1 | HG14: =SUM(GC14:HF14) -> 38 | HH14: =SUM(GC14+GE14+GY14+GH14+GG14+GQ14+HB14+HF14-GN14) -> 11 | HI14: =SUM(GO14+GJ14+GK14+GM14+GW14+GL14+HF14+GX14+HC14-GD14) -> 9 | HJ14: =SUM(GP14+HA14+GZ14+GD14+GN14+GU14+HB14+HC14+HE14+GY14) -> 11 | HK14: =SUM(HD14+GF14+GI14+GX14+GG14+GL14+GT14+HF14) -> 14 | HL14: =SUM(GR14+GV14+GS14+GT14+GH14+GQ14+HE14+HF14) -> 14 | HM14: 0 | HN14: 0 | HO14: 0 | HP14: 0 | HQ14: 0 | HR14: 1 | HS14: 0 | HT14: 0 | HU14: 0 | HV14: 0 | HW14: 0 | HX14: 0 | HY14: 0 | HZ14: 0 | IA14: 0 | IB14: 0 | IC14: 1 | ID14: 0 | IE14: 0 | IF14: 0 | IG14: 0 | IH14: 0 | II14: 0 | IJ14: 0 | IK14: 1 | IL14: 0 | IM14: 0 | IN14: 0 | IO14: 0 | IP14: 1 | IQ14: =SUM(HN14+HQ14+HP14+HO14+HV14+HM14+HX14+HU14+HW14+HZ14+HY14+IC14+HR14+HT14+ID14) -> 2 | IR14: =SUM(IJ14+IK14+IN14+IL14+IM14+II14+IH14) -> 1 | IS14: =SUM(IF14+IE14+IG14) -> 0 | IT14: =SUM(IP14+IO14) -> 1 | IU14: AAA | IV14: AAA | IW14: AAA | IX14: AAA | IY14: 1 | IZ14: 0 | JA14: 1 | JB14: 1 | JC14: =(Foglio1!$IY14+Foglio1!$IZ14+Foglio1!$JA14+Foglio1!$JB14)/4 -> 0.75 | JD14: 1 | JE14: 1 | JF14: 1 | JG14: 1 | JH14: è un fiore all'occhiello, una cosa di cui essere orgogliosi | JI14: 0 | JJ14: si da lavoro a dipendenti che gestiscono il museo | JK14: 0 | JL14: =(Foglio1!$JD14+Foglio1!$JE14+Foglio1!$JF14+Foglio1!$JG14+Foglio1!$JI14+Foglio1!$JK14)/6 -> 0.66666667 | JM14: 1 | JN14: 1 | JO14: 1 | JP14: =(Foglio1!$JM14+Foglio1!$JN14+Foglio1!$JO14)/3 -> 1 | JQ14: 1 | JR14: 1 | JS14: =(Foglio1!$JQ14+Foglio1!$JR14)/2 -> 1 | JT14: pur di andare dietro ad una notizia non si fanno scrupoli a ferire le persone | JU14: 1 | JV14: chi parla ed urla tanto spesso non alza le mani | JW14: 1 | JX14: ogni cosa bella ha anche una cosa brutta dietro | JY14: 1 | JZ14: =(Foglio1!$JU14+Foglio1!$JW14+Foglio1!$JY14)/3 -> 1 | KA14: =(Foglio1!$JC14) -> 0.75 | KB14: =(Foglio1!$JL14+Foglio1!$JP14+Foglio1!$JS14+Foglio1!$JZ14)/4 -> 0.91666667 | KC14: =(Foglio1!$JC14+Foglio1!$JL14+Foglio1!$JP14+Foglio1!$JS14+Foglio1!$JZ14)/5 -> 0.88333333 | KD14: sono altalenanti, un giorno allegri e un giorno tristi | KE14: 2 | KF14: 3 | KG14: magre | KH14: 2 | KI14: 1 | KJ14: quando si diventa anziani dovrebbero aiutarti nel periodo in cui non sei più in grado di lavorare | KK14: 2 | KL14: 3 | KM14: bianca come una nuvola | KN14: 2 | KO14: 1 | KP14: sono punti fissi su cui puoi fare affidamento in qualsiasi momento | KQ14: 1 | KR14: 2 | KS14: sono lenti | KT14: 2 | KU14: 1 | KV14: prende un sacco di botte | KW14: 2 | KX14: 1 | KY14: si elevano rispetto alla gente comune | KZ14: 2 | LA14: 2 | LB14: con la musica mettono allegria, rilassatezza | LC14: 1 | LD14: 2 | LE14: sorreggono la famiglia | LF14: 2 | LG14: 2 | LH14: stanno al sole tutto il giorno | LI14: 2 | LJ14: 1 | LK14: si pavoneggiano senza fare nulla nella vita | LL14: 0 | LM14: 2 | LN14: perché sono piccoli | LO14: 1 | LP14: 1 | LQ14: sono delle guide | LR14: 2 | LS14: 2 | LT14: =(Foglio1!$KE14+Foglio1!$KH14+Foglio1!$KK14+Foglio1!$KN14+Foglio1!$KQ14+Foglio1!$KT14+Foglio1!$KW14+Foglio1!$KZ14+Foglio1!$LC14+Foglio1!$LF14+Foglio1!$LI14+Foglio1!$LL14+Foglio1!$LO14+Foglio1!$LR14) -> 23 | LU14: =(Foglio1!$KI14+Foglio1!$KF14+Foglio1!$KL14+Foglio1!$KO14+Foglio1!$KR14+Foglio1!$KU14+Foglio1!$KX14+Foglio1!$LA14+Foglio1!$LD14+Foglio1!$LG14+Foglio1!$LJ14+Foglio1!$LM14+Foglio1!$LP14+Foglio1!$LS14) -> 24 | LV14: 25 | LW14: 46 | LX14: 21 | LY14: 29 | LZ14: 0 | MA14: 1 | MB14: 0 | MC14: 3 | MD14: =SUM(LZ14:MC14) -> 4 | ME14: 0 | MF14: 0 | MG14: 0 | MH14: 0 | MI14: =SUM(ME14:MH14) -> 0
A15: 3d0e60b7b9b3654c | B15: 54 | C15: F | D15: 8 | E15: 1 | F15: Yes | G15: Nihillistic | H15: 296.32 Depressione Maggiore, episodio ricorrente, moderato | I15: (296.24) Depressione maggiore, episodio ricorrente, grave, con sintomi psicotici | L15: BBB | M15: Affective disorders | N15: Scompenso psicotico | O15: 45537 | P15: 45559 | Q15: depressione con sintomi psicotici | AH15: Brexpiprazolo | AI15: 4 mg ore 8 | AJ15: Venlafaxina RP | AK15: 300 mg ore 8 | AL15: Mirtazapina | AM15: 15 mg ore 22 | AN15: Delorazpeam | AO15: 15 gtt ore 20 | AP15: BBB | AQ15: BBB | AR15: BBB | AS15: BBB | AT15: BBB | AU15: BBB | AV15: BBB | AW15: BBB | AX15: 4 | AZ15: No | BA15: =(P15-O15) -> 22 | BG15: 45539 | BH15: 4 | BI15: 2 | BJ15: 4 | BK15: 3 | BL15: 4 | BM15: 4 | BN15: 4 | BO15: =SUM(Foglio1!$BH15:$BM15) -> 21 | BP15: 6 | BQ15: 0 | BR15: 9 | BS15: 19 | BT15: 4 | BU15: 1 | BV15: 1 | BW15: 1 | BX15: 1 | BY15: 3 | BZ15: 1 | CA15: 5 | CB15: 5 | CC15: 5 | CD15: 5 | CE15: 2 | CF15: 3 | CG15: 3 | CH15: 1 | CI15: 1 | CJ15: 1 | CK15: 2 | CL15: 1 | CM15: 5 | CN15: 4 | CO15: 4 | CP15: 3 | CQ15: 1 | CR15: 2 | CS15: 3 | CT15: 2 | CU15: 1 | CV15: 1 | CW15: 5 | CX15: =SUM(Foglio1!$BT15:$CW15) -> 77 | CY15: =SUM(Foglio1!$BT15+Foglio1!$BV15+Foglio1!$CP15+Foglio1!$BY15+Foglio1!$BX15+Foglio1!$CH15+Foglio1!$CS15+Foglio1!$CW15-Foglio1!$CE15) -> 19 | CZ15: =SUM(Foglio1!$CF15+Foglio1!$CA15+Foglio1!$CB15+Foglio1!$CD15+Foglio1!$CN15+Foglio1!$CC15+Foglio1!$CW15+Foglio1!$CO15+Foglio1!$CT15-Foglio1!$BU15) -> 37 | DA15: =SUM(Foglio1!$CG15+Foglio1!$CR15+Foglio1!$CQ15+Foglio1!$BU15+Foglio1!$CE15+Foglio1!$CL15+Foglio1!$CS15+Foglio1!$CT15+Foglio1!$CV15+Foglio1!$CP15) -> 19 | DB15: =SUM(Foglio1!$CU15+Foglio1!$BW15+Foglio1!$BZ15+Foglio1!$CO15+Foglio1!$BX15+Foglio1!$CC15+Foglio1!$CK15+Foglio1!$CW15) -> 20 | DC15: =SUM(Foglio1!$CI15+Foglio1!$CM15+Foglio1!$CJ15+Foglio1!$CK15+Foglio1!$BY15+Foglio1!$CH15+Foglio1!$CV15+Foglio1!$CW15) -> 19 | DD15: 0 | DE15: 0 | DF15: 0 | DG15: 0 | DH15: 0 | DI15: 0 | DJ15: 0 | DK15: 0 | DL15: 0 | DM15: 0 | DN15: 0 | DO15: 0 | DP15: 0 | DQ15: 0 | DR15: 0 | DS15: 0 | DT15: 2 | DU15: 0 | DV15: 1 | DW15: 2 | DX15: 0 | DY15: 0 | DZ15: 2 | EA15: 2 | EB15: 0 | EC15: 0 | ED15: 0 | EE15: 0 | EF15: 0 | EG15: 0 | EH15: =(Foglio1!$DE15+Foglio1!$DH15+Foglio1!$DG15+Foglio1!$DF15+Foglio1!$DM15+Foglio1!$DD15+Foglio1!$DO15+Foglio1!$DL15+Foglio1!$DN15+Foglio1!$DQ15+Foglio1!$DP15+Foglio1!$DT15+Foglio1!$DI15+Foglio1!$DK15+Foglio1!$DU15) -> 2 | EI15: =(Foglio1!$EA15+Foglio1!$EB15+Foglio1!$EE15+Foglio1!$EC15+Foglio1!$ED15+Foglio1!$DZ15+Foglio1!$DY15) -> 4 | EJ15: =(Foglio1!$DW15+Foglio1!$DV15+Foglio1!$DX15) -> 3 | EK15: =(Foglio1!$EG15+Foglio1!$EF15) -> 0 | EL15: 1 | EM15: 0 | EN15: 1 | EO15: 1 | EP15: {=SUM(EL15:EO15/4)} -> 0.75 | EQ15: 1 | ER15: 1 | ES15: 1 | ET15: 0 | EU15: non ci verranno sicuramente | EV15: 1 | EW15: devono risolvere il problema | EX15: 1 | EY15: =(Foglio1!$EQ15+Foglio1!$ER15+Foglio1!$ES15+Foglio1!$ET15+Foglio1!$EV15+Foglio1!$EX15)/6 -> 0.83333333 | EZ15: 1 | FA15: 1 | FB15: 0 | FC15: =(Foglio1!$EZ15+Foglio1!$FA15+Foglio1!$FB15)/3 -> 0.66666667 | FD15: 0 | FE15: 1 | FF15: =(Foglio1!$FD15+Foglio1!$FE15)/2 -> 0.5 | FG15: ci sono delle cose da vedere eccezionali | FH15: 1 | FI15: per l'occasione che trova può diventare ladro | FJ15: 0 | FK15: c'è bisogno di più per vivere | FL15: 1 | FM15: =(Foglio1!$FH15+Foglio1!$FJ15+Foglio1!$FL15)/3 -> 0.66666667 | FN15: =(Foglio1!$EP15) -> 0.75 | FO15: =(Foglio1!$EY15+Foglio1!$FC15+Foglio1!$FF15+Foglio1!$FM15)/4 -> 0.66666667 | FP15: =(Foglio1!$EP15+Foglio1!$EY15+Foglio1!$FC15+Foglio1!$FF15+Foglio1!$FM15)/5 -> 0.68333333 | FQ15: 45554 | FR15: 2 | FS15: 1 | FT15: 2 | FU15: 2 | FV15: 2 | FW15: 4 | FX15: 2 | FY15: 4 | FZ15: 2 | GA15: 5 | GB15: 55 | GC15: 2 | GD15: 0 | GE15: 2 | GF15: 0 | GG15: 0 | GH15: 2 | GI15: 0 | GJ15: 2 | GK15: 3 | GL15: 3 | GM15: 3 | GN15: 3 | GO15: 2 | GP15: 1 | GQ15: 1 | GR15: 1 | GS15: 2 | GT15: 2 | GU15: 0 | GV15: 2 | GW15: 2 | GX15: 0 | GY15: 2 | GZ15: 0 | HA15: 0 | HB15: 0 | HC15: 2 | HD15: 0 | HE15: 3 | HF15: 3 | HG15: =SUM(GC15:HF15) -> 43 | HH15: =SUM(GC15+GE15+GY15+GH15+GG15+GQ15+HB15+HF15-GN15) -> 9 | HI15: =SUM(GO15+GJ15+GK15+GM15+GW15+GL15+HF15+GX15+HC15-GD15) -> 20 | HJ15: =SUM(GP15+HA15+GZ15+GD15+GN15+GU15+HB15+HC15+HE15+GY15) -> 11 | HK15: =SUM(HD15+GF15+GI15+GX15+GG15+GL15+GT15+HF15) -> 8 | HL15: =SUM(GR15+GV15+GS15+GT15+GH15+GQ15+HE15+HF15) -> 16 | HM15: 0 | HN15: 0 | HO15: 0 | HP15: 0 | HQ15: 0 | HR15: 0 | HS15: 0 | HT15: 0 | HU15: 0 | HV15: 0 | HW15: 0 | HX15: 0 | HY15: 0 | HZ15: 0 | IA15: 0 | IB15: 0 | IC15: 2 | ID15: 0 | IE15: 2 | IF15: 2 | IG15: 1 | IH15: 0 | II15: 0 | IJ15: 0 | IK15: 2 | IL15: 0 | IM15: 0 | IN15: 3 | IO15: 1 | IP15: 0 | IQ15: =SUM(HN15+HQ15+HP15+HO15+HV15+HM15+HX15+HU15+HW15+HZ15+HY15+IC15+HR15+HT15+ID15) -> 2 | IR15: =SUM(IJ15+IK15+IN15+IL15+IM15+II15+IH15) -> 5 | IS15: =SUM(IF15+IE15+IG15) -> 5 | IT15: =SUM(IP15+IO15) -> 1 | IU15: AAA | IV15: AAA | IW15: AAA | IX15: AAA | IY15: 1 | IZ15: 0 | JA15: 1 | JB15: 1 | JC15: =(Foglio1!$IY15+Foglio1!$IZ15+Foglio1!$JA15+Foglio1!$JB15)/4 -> 0.75 | JD15: 1 | JE15: 1 | JF15: 1 | JG15: 0 | JH15: è una cosa splendida | JI15: 1 | JJ15: non ci sono posti di lavoro per occuparli | JK15: 0 | JL15: =(Foglio1!$JD15+Foglio1!$JE15+Foglio1!$JF15+Foglio1!$JG15+Foglio1!$JI15+Foglio1!$JK15)/6 -> 0.66666667 | JM15: 1 | JN15: 1 | JO15: 1 | JP15: =(Foglio1!$JM15+Foglio1!$JN15+Foglio1!$JO15)/3 -> 1 | JQ15: 0 | JR15: 1 | JS15: =(Foglio1!$JQ15+Foglio1!$JR15)/2 -> 0.5 | JT15: quando devono fare notizie devono cercare di trovare il modo di fare le cose e quindi sono avvoltoi | JU15: 0 | JV15: pure se abbaia non fa del male | JW15: 0 | JX15: ogni cosa ha il suo contrario | JY15: 0 | JZ15: =(Foglio1!$JU15+Foglio1!$JW15+Foglio1!$JY15)/3 -> 0 | KA15: =(Foglio1!$JC15) -> 0.75 | KB15: =(Foglio1!$JL15+Foglio1!$JP15+Foglio1!$JS15+Foglio1!$JZ15)/4 -> 0.54166667 | KC15: =(Foglio1!$JC15+Foglio1!$JL15+Foglio1!$JP15+Foglio1!$JS15+Foglio1!$JZ15)/5 -> 0.58333333 | KD15: sono pendolari, prendono i pulman, il treno | KE15: 0 | KF15: 1 | KG15: pungono | KH15: 0 | KI15: 0 | KJ15: sono le stampelle per la vecchiaia dei genitori | KK15: 1 | KL15: 2 | KM15: è bella come una nuvola, è leggera | KN15: 1 | KO15: 2 | KP15: ti puoi fermare con loro e non avere problemi, sono ancore | KQ15: 1 | KR15: 2 | KS15: sono lenti | KT15: 2 | KU15: 1 | KV15: è così spiritoso che è un panda | KW15: 0 | KX15: 2 | KY15: sognano | KZ15: 0 | LA15: 3 | LB15: Usignoli ignori nel cantare le canzoni. Nel descrivere le cose | LC15: 0 | LD15: 0 | LE15: se non ci fossero loro non avremmo a chi appoggiarci | LF15: 1 | LG15: 2 | LH15: stanno sempre al sole | LI15: 2 | LJ15: 1 | LK15: si pavoneggiano, si mettono in mostra | LL15: 2 | LM15: 2 | LN15: delicati | LO15: 2 | LP15: 2 | LQ15: sono così bravi a dare la luce come le lanterne, essere bravi | LR15: 1 | LS15: 2 | LT15: =(Foglio1!$KE15+Foglio1!$KH15+Foglio1!$KK15+Foglio1!$KN15+Foglio1!$KQ15+Foglio1!$KT15+Foglio1!$KW15+Foglio1!$KZ15+Foglio1!$LC15+Foglio1!$LF15+Foglio1!$LI15+Foglio1!$LL15+Foglio1!$LO15+Foglio1!$LR15) -> 13 | LU15: =(Foglio1!$KI15+Foglio1!$KF15+Foglio1!$KL15+Foglio1!$KO15+Foglio1!$KR15+Foglio1!$KU15+Foglio1!$KX15+Foglio1!$LA15+Foglio1!$LD15+Foglio1!$LG15+Foglio1!$LJ15+Foglio1!$LM15+Foglio1!$LP15+Foglio1!$LS15) -> 22 | LV15: 4 | LW15: 14 | LX15: 3 | LY15: 15 | LZ15: 1 | MA15: 0 | MB15: 0 | MC15: 3 | MD15: =SUM(LZ15:MC15) -> 4 | ME15: 0 | MF15: 0 | MG15: 0 | MH15: 0 | MI15: =SUM(ME15:MH15) -> 0
A16: aa95071ffa312e54 | B16: 19 | C16: F | D16: 13 | E16: 0 | F16: Yes | G16: BBB | H16: 296.23 Depressione maggiore, episodio singolo, grave senza menzione di comportamento psicotico | I16: (296.23) Depressione maggiore, episodio singolo, 5 senza menzione di comportamento psicotico | L16: BBB | M16: Affective disorders | N16: Tentato suicidio | O16: 45484 | P16: 45504 | Q16: CCC | V16: Escitalopram | W16: Aloperidolo | X16: Olanzapina | Y16: Delorazepam | Z16: Enoxaparina | AA16: Solfato | AH16: Escitalopram | AI16: 20 mg/ml sol 20 gtt h. 8 | AJ16: Olanzapina | AK16: 10 mg compresse orosolubili 1 cp h. 20 | AL16: Enoxaparina Sodica | AM16: 4000 UI 1 fl SC h. 18 | AN16: BBB | AO16: BBB | AP16: BBB | AQ16: BBB | AR16: BBB | AS16: BBB | AT16: BBB | AU16: BBB | AV16: BBB | AW16: BBB | AX16: 3 | AZ16: AAA | BA16: =(P16-O16) -> 20 | BG16: 45497 | BH16: BBB | BI16: BBB | BJ16: BBB | BK16: BBB | BL16: BBB | BM16: BBB | BN16: BBB | BO16: BBB | BP16: 6 | BQ16: 4 | BR16: 13 | BS16: 16 | BT16: 1 | BU16: 1 | BV16: 1 | BW16: 1 | BX16: 1 | BY16: 1 | BZ16: 1 | CA16: 1 | CB16: 1 | CC16: 2 | CD16: 5 | CE16: 5 | CF16: 5 | CG16: 3 | CH16: 1 | CI16: 1 | CJ16: 6 | CK16: 6 | CL16: 1 | CM16: 5 | CN16: 6 | CO16: 1 | CP16: 1 | CQ16: 1 | CR16: 4 | CS16: 1 | CT16: 5 | CU16: 3 | CV16: 5 | CW16: 5 | CX16: =SUM(Foglio1!$BT16:$CW16) -> 81 | CY16: =SUM(Foglio1!$BT16+Foglio1!$BV16+Foglio1!$CP16+Foglio1!$BY16+Foglio1!$BX16+Foglio1!$CH16+Foglio1!$CS16+Foglio1!$CW16-Foglio1!$CE16) -> 7 | CZ16: =SUM(Foglio1!$CF16+Foglio1!$CA16+Foglio1!$CB16+Foglio1!$CD16+Foglio1!$CN16+Foglio1!$CC16+Foglio1!$CW16+Foglio1!$CO16+Foglio1!$CT16-Foglio1!$BU16) -> 30 | DA16: =SUM(Foglio1!$CG16+Foglio1!$CR16+Foglio1!$CQ16+Foglio1!$BU16+Foglio1!$CE16+Foglio1!$CL16+Foglio1!$CS16+Foglio1!$CT16+Foglio1!$CV16+Foglio1!$CP16) -> 27 | DB16: =SUM(Foglio1!$CU16+Foglio1!$BW16+Foglio1!$BZ16+Foglio1!$CO16+Foglio1!$BX16+Foglio1!$CC16+Foglio1!$CK16+Foglio1!$CW16) -> 20 | DC16: =SUM(Foglio1!$CI16+Foglio1!$CM16+Foglio1!$CJ16+Foglio1!$CK16+Foglio1!$BY16+Foglio1!$CH16+Foglio1!$CV16+Foglio1!$CW16) -> 30 | DD16: 0 | DE16: 0 | DF16: 0 | DG16: 0 | DH16: 0 | DI16: 0 | DJ16: 0 | DK16: 0 | DL16: 0 | DM16: 0 | DN16: 0 | DO16: 0 | DP16: 0 | DQ16: 0 | DR16: 0 | DS16: 0 | DT16: 0 | DU16: 0 | DV16: 3 | DW16: 0 | DX16: 2 | DY16: 2 | DZ16: 1 | EA16: 3 | EB16: 0 | EC16: 0 | ED16: 2 | EE16: 0 | EF16: 2 | EG16: 3 | EH16: =(Foglio1!$DE16+Foglio1!$DH16+Foglio1!$DG16+Foglio1!$DF16+Foglio1!$DM16+Foglio1!$DD16+Foglio1!$DO16+Foglio1!$DL16+Foglio1!$DN16+Foglio1!$DQ16+Foglio1!$DP16+Foglio1!$DT16+Foglio1!$DI16+Foglio1!$DK16+Foglio1!$DU16) -> 0 | EI16: =(Foglio1!$EA16+Foglio1!$EB16+Foglio1!$EE16+Foglio1!$EC16+Foglio1!$ED16+Foglio1!$DZ16+Foglio1!$DY16) -> 8 | EJ16: =(Foglio1!$DW16+Foglio1!$DV16+Foglio1!$DX16) -> 5 | EK16: =(Foglio1!$EG16+Foglio1!$EF16) -> 5 | EL16: 1 | EM16: 0 | EN16: 1 | EO16: 1 | EP16: {=SUM(EL16:EO16/4)} -> 0.75 | EQ16: 1 | ER16: 1 | ES16: 1 | ET16: 1 | EU16: con ironia dice che visto che c'è questo probelma dei cinghiali sicuramente nessuno vorrà più uscire di casa | EV16: 1 | EW16: che faccia qualcosa per risolvere il problema | EX16: 1 | EY16: =(Foglio1!$EQ16+Foglio1!$ER16+Foglio1!$ES16+Foglio1!$ET16+Foglio1!$EV16+Foglio1!$EX16)/6 -> 1 | EZ16: 1 | FA16: 1 | FB16: 1 | FC16: =(Foglio1!$EZ16+Foglio1!$FA16+Foglio1!$FB16)/3 -> 1 | FD16: 1 | FE16: 0 | FF16: =(Foglio1!$FD16+Foglio1!$FE16)/2 -> 0.5 | FG16: bisogna scavare per cercare un buon libro | FH16: 0 | FI16: se c'è una possibilità uno può approfittarsi di qualcosa per arrivare ad un fine | FJ16: 0 | FK16: bisogna fare tante cose per avere una vita felice | FL16: 0 | FM16: =(Foglio1!$FH16+Foglio1!$FJ16+Foglio1!$FL16)/3 -> 0 | FN16: =(Foglio1!$EP16) -> 0.75 | FO16: =(Foglio1!$EY16+Foglio1!$FC16+Foglio1!$FF16+Foglio1!$FM16)/4 -> 0.625 | FP16: =(Foglio1!$EP16+Foglio1!$EY16+Foglio1!$FC16+Foglio1!$FF16+Foglio1!$FM16)/5 -> 0.65 | FQ16: 45503 | FR16: BBB | FS16: BBB | FT16: BBB | FU16: BBB | FV16: BBB | FW16: BBB | FX16: BBB | FY16: 5 | FZ16: 2 | GA16: 5 | GB16: 45 | GC16: 0 | GD16: 0 | GE16: 0 | GF16: 0 | GG16: 0 | GH16: 0 | GI16: 0 | GJ16: 0 | GK16: 0 | GL16: 2 | GM16: 3 | GN16: 3 | GO16: 3 | GP16: 2 | GQ16: 0 | GR16: 0 | GS16: 2 | GT16: 2 | GU16: 0 | GV16: 3 | GW16: 3 | GX16: 0 | GY16: 0 | GZ16: 0 | HA16: 2 | HB16: 2 | HC16: 2 | HD16: 0 | HE16: 2 | HF16: 2 | HG16: =SUM(GC16:HF16) -> 33 | HH16: =SUM(GC16+GE16+GY16+GH16+GG16+GQ16+HB16+HF16-GN16) -> 1 | HI16: =SUM(GO16+GJ16+GK16+GM16+GW16+GL16+HF16+GX16+HC16-GD16) -> 15 | HJ16: =SUM(GP16+HA16+GZ16+GD16+GN16+GU16+HB16+HC16+HE16+GY16) -> 13 | HK16: =SUM(HD16+GF16+GI16+GX16+GG16+GL16+GT16+HF16) -> 6 | HL16: =SUM(GR16+GV16+GS16+GT16+GH16+GQ16+HE16+HF16) -> 11 | HM16: 0 | HN16: 0 | HO16: 0 | HP16: 0 | HQ16: 0 | HR16: 0 | HS16: 0 | HT16: 0 | HU16: 0 | HV16: 0 | HW16: 0 | HX16: 0 | HY16: 0 | HZ16: 0 | IA16: 0 | IB16: 0 | IC16: 2 | ID16: 0 | IE16: 1 | IF16: 2 | IG16: 1 | IH16: 2 | II16: 0 | IJ16: 0 | IK16: 0 | IL16: 0 | IM16: 2 | IN16: 0 | IO16: 3 | IP16: 3 | IQ16: =SUM(HN16+HQ16+HP16+HO16+HV16+HM16+HX16+HU16+HW16+HZ16+HY16+IC16+HR16+HT16+ID16) -> 2 | IR16: =SUM(IJ16+IK16+IN16+IL16+IM16+II16+IH16) -> 4 | IS16: =SUM(IF16+IE16+IG16) -> 4 | IT16: =SUM(IP16+IO16) -> 6 | IU16: AAA | IV16: AAA | IW16: AAA | IX16: AAA | IY16: 1 | IZ16: 0 | JA16: 1 | JB16: 1 | JC16: =(Foglio1!$IY16+Foglio1!$IZ16+Foglio1!$JA16+Foglio1!$JB16)/4 -> 0.75 | JD16: 1 | JE16: 1 | JF16: 1 | JG16: 1 | JH16: è importante e va valorizzato | JI16: 1 | JJ16: se servono nuovi dipendenti c'è gente che può essere assunta e quindi si risolve il problema della disoccupazione | JK16: 0 | JL16: =(Foglio1!$JD16+Foglio1!$JE16+Foglio1!$JF16+Foglio1!$JG16+Foglio1!$JI16+Foglio1!$JK16)/6 -> 0.83333333 | JM16: 1 | JN16: 1 | JO16: 1 | JP16: =(Foglio1!$JM16+Foglio1!$JN16+Foglio1!$JO16)/3 -> 1 | JQ16: 1 | JR16: 1 | JS16: =(Foglio1!$JQ16+Foglio1!$JR16)/2 -> 1 | JT16: continuano ad assillare le persone per accaparrarsi lo scoop migliore | JU16: 1 | JV16: chi parla tanto ma poi non combina niente alla fine | JW16: 1 | JX16: ogni cosa ha sia un modo di essere visto che un opposto | JY16: 1 | JZ16: =(Foglio1!$JU16+Foglio1!$JW16+Foglio1!$JY16)/3 -> 1 | KA16: =(Foglio1!$JC16) -> 0.75 | KB16: =(Foglio1!$JL16+Foglio1!$JP16+Foglio1!$JS16+Foglio1!$JZ16)/4 -> 0.95833333 | KC16: =(Foglio1!$JC16+Foglio1!$JL16+Foglio1!$JP16+Foglio1!$JS16+Foglio1!$JZ16)/5 -> 0.91666667 | KD16: non hanno voglia di fare niente | KE16: 0 | KF16: 2 | KG16: è cattiva, punzecchia le persone | KH16: 0 | KI16: 2 | KJ16: quando un genitore invecchia lo aiutano | KK16: 2 | KL16: 2 | KM16: è bellissima | KN16: 0 | KO16: 1 | KP16: rimangono sempre al suo fianco | KQ16: 2 | KR16: 2 | KS16: sono lenti nel comprendere le cose nuove | KT16: 1 | KU16: 3 | KV16: non è tanto bravo | KW16: 0 | KX16: 1 | KY16: (non risponde) | KZ16: 0 | LA16: 0 | LB16: cantano sempre e cantano bene | LC16: 2 | LD16: 1 | LE16: sono molto importanti e sono fondamentali | LF16: 1 | LG16: 3 | LH16: non entrano in acqua | LI16: 0 | LJ16: 1 | LK16: si vantano di fare grandi promesse ma poi non riescono a mantenerle | LL16: 2 | LM16: 2 | LN16: sono piccoli e morbidi | LO16: 2 | LP16: 1 | LQ16: sono molto intelligenti | LR16: 0 | LS16: 0 | LT16: =(Foglio1!$KE16+Foglio1!$KH16+Foglio1!$KK16+Foglio1!$KN16+Foglio1!$KQ16+Foglio1!$KT16+Foglio1!$KW16+Foglio1!$KZ16+Foglio1!$LC16+Foglio1!$LF16+Foglio1!$LI16+Foglio1!$LL16+Foglio1!$LO16+Foglio1!$LR16) -> 12 | LU16: =(Foglio1!$KI16+Foglio1!$KF16+Foglio1!$KL16+Foglio1!$KO16+Foglio1!$KR16+Foglio1!$KU16+Foglio1!$KX16+Foglio1!$LA16+Foglio1!$LD16+Foglio1!$LG16+Foglio1!$LJ16+Foglio1!$LM16+Foglio1!$LP16+Foglio1!$LS16) -> 21 | LV16: 15 | LW16: 39 | LX16: 14 | LY16: 30 | LZ16: 0 | MA16: 0 | MB16: 1 | MC16: 0 | MD16: =SUM(LZ16:MC16) -> 1 | ME16: 0 | MF16: 0 | MG16: 0 | MH16: 0 | MI16: =SUM(ME16:MH16) -> 0
A17: e84a0c8ec82330f0 | B17: 23 | C17: M | D17: 13 | E17: 1 | F17: No | G17: Grandiose | H17: 298.9 Psicosi non altrimenti specificata | I17: (298.9) Psicosi NAS | L17: BBB | M17: Schizophrenia and other psychoses | N17: Scompenso psicotico | O17: 45550 | P17: 45559 | Q17: CCC | AH17: Paliperidone | AI17: 6 mg ore 8 | AJ17: Delorazepam | AK17: 1 mg ore 22 | AL17: BBB | AM17: BBB | AN17: BBB | AO17: BBB | AP17: BBB | AQ17: BBB | AR17: BBB | AS17: BBB | AT17: BBB | AU17: BBB | AV17: BBB | AW17: BBB | AX17: 2 | AZ17: AAA | BA17: =(P17-O17) -> 9 | BG17: 45553 | BH17: 3 | BI17: 2 | BJ17: 3 | BK17: 3 | BL17: 3 | BM17: 4 | BN17: 3 | BO17: =SUM(Foglio1!$BH17:$BM17) -> 18 | BP17: 6 | BQ17: 0 | BR17: 0 | BS17: 21 | BT17: 3 | BU17: 3 | BV17: 1 | BW17: 1 | BX17: 1 | BY17: 3 | BZ17: 3 | CA17: 5 | CB17: 5 | CC17: 5 | CD17: 5 | CE17: 1 | CF17: 1 | CG17: 1 | CH17: 2 | CI17: 2 | CJ17: 1 | CK17: 1 | CL17: 1 | CM17: 3 | CN17: 3 | CO17: 2 | CP17: 3 | CQ17: 1 | CR17: 1 | CS17: 2 | CT17: 2 | CU17: 1 | CV17: 2 | CW17: 5 | CX17: =SUM(Foglio1!$BT17:$CW17) -> 70 | CY17: =SUM(Foglio1!$BT17+Foglio1!$BV17+Foglio1!$CP17+Foglio1!$BY17+Foglio1!$BX17+Foglio1!$CH17+Foglio1!$CS17+Foglio1!$CW17-Foglio1!$CE17) -> 19 | CZ17: =SUM(Foglio1!$CF17+Foglio1!$CA17+Foglio1!$CB17+Foglio1!$CD17+Foglio1!$CN17+Foglio1!$CC17+Foglio1!$CW17+Foglio1!$CO17+Foglio1!$CT17-Foglio1!$BU17) -> 30 | DA17: =SUM(Foglio1!$CG17+Foglio1!$CR17+Foglio1!$CQ17+Foglio1!$BU17+Foglio1!$CE17+Foglio1!$CL17+Foglio1!$CS17+Foglio1!$CT17+Foglio1!$CV17+Foglio1!$CP17) -> 17 | DB17: =SUM(Foglio1!$CU17+Foglio1!$BW17+Foglio1!$BZ17+Foglio1!$CO17+Foglio1!$BX17+Foglio1!$CC17+Foglio1!$CK17+Foglio1!$CW17) -> 19 | DC17: =SUM(Foglio1!$CI17+Foglio1!$CM17+Foglio1!$CJ17+Foglio1!$CK17+Foglio1!$BY17+Foglio1!$CH17+Foglio1!$CV17+Foglio1!$CW17) -> 19 | DD17: 2 | DE17: 0 | DF17: 1 | DG17: 0 | DH17: 0 | DI17: 0 | DJ17: 0 | DK17: 0 | DL17: 0 | DM17: 0 | DN17: 0 | DO17: 0 | DP17: 0 | DQ17: 0 | DR17: 0 | DS17: 0 | DT17: 0 | DU17: 0 | DV17: 0 | DW17: 0 | DX17: 2 | DY17: 0 | DZ17: 1 | EA17: 0 | EB17: 1 | EC17: 0 | ED17: 0 | EE17: 1 | EF17: 0 | EG17: 1 | EH17: =(Foglio1!$DE17+Foglio1!$DH17+Foglio1!$DG17+Foglio1!$DF17+Foglio1!$DM17+Foglio1!$DD17+Foglio1!$DO17+Foglio1!$DL17+Foglio1!$DN17+Foglio1!$DQ17+Foglio1!$DP17+Foglio1!$DT17+Foglio1!$DI17+Foglio1!$DK17+Foglio1!$DU17) -> 3 | EI17: =(Foglio1!$EA17+Foglio1!$EB17+Foglio1!$EE17+Foglio1!$EC17+Foglio1!$ED17+Foglio1!$DZ17+Foglio1!$DY17) -> 3 | EJ17: =(Foglio1!$DW17+Foglio1!$DV17+Foglio1!$DX17) -> 2 | EK17: =(Foglio1!$EG17+Foglio1!$EF17) -> 1 | EL17: 1 | EM17: 1 | EN17: 1 | EO17: 0 | EP17: {=SUM(EL17:EO17/4)} -> 0.75 | EQ17: 0 | ER17: 0 | ES17: 1 | ET17: 0 | EU17: Non l'ho capita e basta. | EV17: 0 | EW17: Stanno cercando di risolvere il fatto che questo orso è in giro. | EX17: 0 | EY17: =(Foglio1!$EQ17+Foglio1!$ER17+Foglio1!$ES17+Foglio1!$ET17+Foglio1!$EV17+Foglio1!$EX17)/6 -> 0.16666667 | EZ17: 0 | FA17: 0 | FB17: 1 | FC17: =(Foglio1!$EZ17+Foglio1!$FA17+Foglio1!$FB17)/3 -> 0.33333333 | FD17: 1 | FE17: 1 | FF17: =(Foglio1!$FD17+Foglio1!$FE17)/2 -> 1 | FG17: Eh che le biblioteche hanno una risorsa culturale molto ampia, quindi possono anche essere miniere. Miniere culturali | FH17: 1 | FI17: Ci sono certe volte della vita in cui bisogna anche se raccogliere l'istante che magari cambia tutto | FJ17: 0 | FK17: si può vivere anche solo d'aria però nel senso si intende, si intende di riuscire a trovare una propria esistenzialità in questo mondo e una propria posizione e riuscire a viverci giustamente con il denaro | FL17: 0 | FM17: =(Foglio1!$FH17+Foglio1!$FJ17+Foglio1!$FL17)/3 -> 0.33333333 | FN17: =(Foglio1!$EP17) -> 0.75 | FO17: =(Foglio1!$EY17+Foglio1!$FC17+Foglio1!$FF17+Foglio1!$FM17)/4 -> 0.45833333 | FP17: =(Foglio1!$EP17+Foglio1!$EY17+Foglio1!$FC17+Foglio1!$FF17+Foglio1!$FM17)/5 -> 0.51666667 | FQ17: CCC | FR17: BBB | FS17: BBB | FT17: BBB | FU17: BBB | FV17: BBB | FW17: BBB | FX17: BBB | FY17: BBB | FZ17: BBB | GA17: BBB | GB17: BBB | GC17: BBB | GD17: BBB | GE17: BBB | GF17: BBB | GG17: BBB | GH17: BBB | GI17: BBB | GJ17: BBB | GK17: BBB | GL17: BBB | GM17: BBB | GN17: BBB | GO17: BBB | GP17: BBB | GQ17: BBB | GR17: BBB | GS17: BBB | GT17: BBB | GU17: BBB | GV17: BBB | GW17: BBB | GX17: BBB | GY17: BBB | GZ17: BBB | HA17: BBB | HB17: BBB | HC17: BBB | HD17: BBB | HE17: BBB | HF17: BBB | HG17: BBB | HH17: BBB | HI17: BBB | HJ17: BBB | HK17: BBB | HL17: BBB | HM17: BBB | HN17: BBB | HO17: BBB | HP17: BBB | HQ17: BBB | HR17: BBB | HS17: BBB | HT17: BBB | HU17: BBB | HV17: BBB | HW17: BBB | HX17: BBB | HY17: BBB | HZ17: BBB | IA17: BBB | IB17: BBB | IC17: BBB | ID17: BBB | IE17: BBB | IF17: BBB | IG17: BBB | IH17: BBB | II17: BBB | IJ17: BBB | IK17: BBB | IL17: BBB | IM17: BBB | IN17: BBB | IO17: BBB | IP17: BBB | IQ17: BBB | IR17: BBB | IS17: BBB | IT17: BBB | IU17: BBB | IV17: BBB | IW17: BBB | IX17: BBB | IY17: BBB | IZ17: BBB | JA17: BBB | JB17: BBB | JC17: BBB | JD17: BBB | JE17: BBB | JF17: BBB | JG17: BBB | JH17: BBB | JI17: BBB | JJ17: BBB | JK17: BBB | JL17: BBB | JM17: BBB | JN17: BBB | JO17: BBB | JP17: BBB | JQ17: BBB | JR17: BBB | JS17: BBB | JT17: BBB | JU17: BBB | JV17: BBB | JW17: BBB | JX17: BBB | JY17: BBB | JZ17: BBB | KA17: =(Foglio1!$JC17) -> BBB | KB17: BBB | KC17: BBB | KD17: BBB | KE17: BBB | KF17: BBB | KG17: BBB | KH17: BBB | KI17: BBB | KJ17: BBB | KK17: BBB | KL17: BBB | KM17: BBB | KN17: BBB | KO17: BBB | KP17: BBB | KQ17: BBB | KR17: BBB | KS17: BBB | KT17: BBB | KU17: BBB | KV17: BBB | KW17: BBB | KX17: BBB | KY17: BBB | KZ17: BBB | LA17: BBB | LB17: BBB | LC17: BBB | LD17: BBB | LE17: BBB | LF17: BBB | LG17: BBB | LH17: BBB | LI17: BBB | LJ17: BBB | LK17: BBB | LL17: BBB | LM17: BBB | LN17: BBB | LO17: BBB | LP17: BBB | LQ17: BBB | LR17: BBB | LS17: BBB | LT17: BBB | LU17: BBB | LV17: BBB | LW17: BBB | LX17: BBB | LY17: BBB | LZ17: 0 | MA17: 1 | MB17: 1 | MC17: 0 | MD17: =SUM(LZ17:MC17) -> 2 | ME17: 0 | MF17: 0 | MG17: 0 | MH17: 0 | MI17: =SUM(ME17:MH17) -> 0
A18: 3cee7bfc3c8c8674 | B18: 48 | C18: F | D18: 13 | E18: 0 | F18: Yes | G18: BBB | H18: 296.50 Disturbo bipolare, episodio depressivo, moderato | I18: (296.5) Disturbo bipolare, episodio depressivo, moderato | L18: BBB | M18: Affective disorders | N18: Episodio depressivo | O18: 45569 | P18: 45587 | Q18: Disturbo bipolare II | AH18: Litio carbonato | AI18: 450 mg ore 8, 20 | AJ18: Citalopram | AK18: 16 mg ore 20 | AL18: Quetiapina | AM18: 150 mg/die | AN18: BBB | AO18: BBB | AP18: BBB | AQ18: BBB | AR18: BBB | AS18: BBB | AT18: BBB | AU18: BBB | AV18: BBB | AW18: BBB | AX18: 3 | AZ18: No | BA18: =(P18-O18) -> 18 | BG18: 45573 | BH18: BBB | BI18: BBB | BJ18: BBB | BK18: BBB | BL18: BBB | BM18: BBB | BN18: BBB | BO18: BBB | BP18: 3 | BQ18: 0 | BR18: 0 | BS18: 50 | BT18: 1 | BU18: 1 | BV18: 1 | BW18: 1 | BX18: 1 | BY18: 1 | BZ18: 1 | CA18: 4 | CB18: 4 | CC18: 1 | CD18: 5 | CE18: 1 | CF18: 1 | CG18: 1 | CH18: 1 | CI18: 4 | CJ18: 2 | CK18: 1 | CL18: 1 | CM18: 3 | CN18: 1 | CO18: 1 | CP18: 1 | CQ18: 1 | CR18: 1 | CS18: 1 | CT18: 1 | CU18: 1 | CV18: 3 | CW18: 1 | CX18: =SUM(Foglio1!$BT18:$CW18) -> 48 | CY18: =SUM(Foglio1!$BT18+Foglio1!$BV18+Foglio1!$CP18+Foglio1!$BY18+Foglio1!$BX18+Foglio1!$CH18+Foglio1!$CS18+Foglio1!$CW18-Foglio1!$CE18) -> 7 | CZ18: =SUM(Foglio1!$CF18+Foglio1!$CA18+Foglio1!$CB18+Foglio1!$CD18+Foglio1!$CN18+Foglio1!$CC18+Foglio1!$CW18+Foglio1!$CO18+Foglio1!$CT18-Foglio1!$BU18) -> 18 | DA18: =SUM(Foglio1!$CG18+Foglio1!$CR18+Foglio1!$CQ18+Foglio1!$BU18+Foglio1!$CE18+Foglio1!$CL18+Foglio1!$CS18+Foglio1!$CT18+Foglio1!$CV18+Foglio1!$CP18) -> 12 | DB18: =SUM(Foglio1!$CU18+Foglio1!$BW18+Foglio1!$BZ18+Foglio1!$CO18+Foglio1!$BX18+Foglio1!$CC18+Foglio1!$CK18+Foglio1!$CW18) -> 8 | DC18: =SUM(Foglio1!$CI18+Foglio1!$CM18+Foglio1!$CJ18+Foglio1!$CK18+Foglio1!$BY18+Foglio1!$CH18+Foglio1!$CV18+Foglio1!$CW18) -> 16 | DD18: 2 | DE18: 0 | DF18: 0 | DG18: 0 | DH18: 0 | DI18: 0 | DJ18: 0 | DK18: 0 | DL18: 0 | DM18: 0 | DN18: 0 | DO18: 0 | DP18: 0 | DQ18: 0 | DR18: 0 | DS18: 0 | DT18: 0 | DU18: 0 | DV18: 0 | DW18: 0 | DX18: 2 | DY18: 3 | DZ18: 1 | EA18: 1 | EB18: 4 | EC18: 2 | ED18: 0 | EE18: 2 | EF18: 3 | EG18: 0 | EH18: =(Foglio1!$DE18+Foglio1!$DH18+Foglio1!$DG18+Foglio1!$DF18+Foglio1!$DM18+Foglio1!$DD18+Foglio1!$DO18+Foglio1!$DL18+Foglio1!$DN18+Foglio1!$DQ18+Foglio1!$DP18+Foglio1!$DT18+Foglio1!$DI18+Foglio1!$DK18+Foglio1!$DU18) -> 2 | EI18: =(Foglio1!$EA18+Foglio1!$EB18+Foglio1!$EE18+Foglio1!$EC18+Foglio1!$ED18+Foglio1!$DZ18+Foglio1!$DY18) -> 13 | EJ18: =(Foglio1!$DW18+Foglio1!$DV18+Foglio1!$DX18) -> 2 | EK18: =(Foglio1!$EG18+Foglio1!$EF18) -> 3 | EL18: 1 | EM18: 1 | EN18: 1 | EO18: 1 | EP18: {=SUM(EL18:EO18/4)} -> 1 | EQ18: 1 | ER18: 0 | ES18: 0 | ET18: 0 | EU18: Ma secondo me è il contrario, scusa, se ci sono i cinghiali che girano non penso che siano felici di andare a fare shopping comunque sono pericolosi. | EV18: 1 | EW18: E che vogliono prenderlo. Cioè abbatterlo, non lo so, spero di no, però vogliono mandarli via. | EX18: 0 | EY18: =(Foglio1!$EQ18+Foglio1!$ER18+Foglio1!$ES18+Foglio1!$ET18+Foglio1!$EV18+Foglio1!$EX18)/6 -> 0.33333333 | EZ18: 1 | FA18: 1 | FB18: 1 | FC18: =(Foglio1!$EZ18+Foglio1!$FA18+Foglio1!$FB18)/3 -> 1 | FD18: 1 | FE18: 0 | FF18: =(Foglio1!$FD18+Foglio1!$FE18)/2 -> 0.5 | FG18: Che sono infinite e si possono trovare migliaia di notizie, di informazioni, di racconti, di... perché la libreria è immensa. | FH18: 1 | FI18: Che se uno si trova... Magari in una situazione potrebbe cedere alla tentazione e magari se vede una penna che gli piace la ruba e diventa ladro. | FJ18: 0 | FK18: Eh, in effetti. È vero. Non si vive di solo pane, nel senso che c'è bisogno anche di altro. | FL18: 0 | FM18: =(Foglio1!$FH18+Foglio1!$FJ18+Foglio1!$FL18)/3 -> 0.33333333 | FN18: =(Foglio1!$EP18) -> 1 | FO18: =(Foglio1!$EY18+Foglio1!$FC18+Foglio1!$FF18+Foglio1!$FM18)/4 -> 0.54166667 | FP18: =(Foglio1!$EP18+Foglio1!$EY18+Foglio1!$FC18+Foglio1!$FF18+Foglio1!$FM18)/5 -> 0.63333333 | FQ18: 45581 | FR18: BBB | FS18: BBB | FT18: BBB | FU18: BBB | FV18: BBB | FW18: BBB | FX18: BBB | FY18: 2 | FZ18: 2 | GA18: 2 | GB18: 70 | GC18: 0 | GD18: 0 | GE18: 1 | GF18: 0 | GG18: 0 | GH18: 1 | GI18: 0 | GJ18: 2 | GK18: 2 | GL18: 2 | GM18: 1 | GN18: 1 | GO18: 1 | GP18: 1 | GQ18: 3 | GR18: 3 | GS18: 3 | GT18: 3 | GU18: 0 | GV18: 2 | GW18: 0 | GX18: 0 | GY18: 1 | GZ18: 0 | HA18: 1 | HB18: 0 | HC18: 0 | HD18: 0 | HE18: 3 | HF18: 1 | HG18: =SUM(GC18:HF18) -> 32 | HH18: =SUM(GC18+GE18+GY18+GH18+GG18+GQ18+HB18+HF18-GN18) -> 6 | HI18: =SUM(GO18+GJ18+GK18+GM18+GW18+GL18+HF18+GX18+HC18-GD18) -> 9 | HJ18: =SUM(GP18+HA18+GZ18+GD18+GN18+GU18+HB18+HC18+HE18+GY18) -> 7 | HK18: =SUM(HD18+GF18+GI18+GX18+GG18+GL18+GT18+HF18) -> 6 | HL18: =SUM(GR18+GV18+GS18+GT18+GH18+GQ18+HE18+HF18) -> 19 | HM18: 0 | HN18: 0 | HO18: 0 | HP18: 0 | HQ18: 0 | HR18: 0 | HS18: 0 | HT18: 0 | HU18: 1 | HV18: 0 | HW18: 0 | HX18: 0 | HY18: 0 | HZ18: 0 | IA18: 0 | IB18: 0 | IC18: 0 | ID18: 0 | IE18: 0 | IF18: 1 | IG18: 0 | IH18: 0 | II18: 2 | IJ18: 1 | IK18: 0 | IL18: 0 | IM18: 0 | IN18: 2 | IO18: 3 | IP18: 2 | IQ18: =SUM(HN18+HQ18+HP18+HO18+HV18+HM18+HX18+HU18+HW18+HZ18+HY18+IC18+HR18+HT18+ID18) -> 1 | IR18: =SUM(IJ18+IK18+IN18+IL18+IM18+II18+IH18) -> 5 | IS18: =SUM(IF18+IE18+IG18) -> 1 | IT18: =SUM(IP18+IO18) -> 5 | IU18: AAA | IV18: AAA | IW18: AAA | IX18: AAA | IY18: 1 | IZ18: 0 | JA18: 1 | JB18: 1 | JC18: =(Foglio1!$IY18+Foglio1!$IZ18+Foglio1!$JA18+Foglio1!$JB18)/4 -> 0.75 | JD18: 1 | JE18: 1 | JF18: 1 | JG18: 0 | JH18: Che è un posto... è un bel posto, c'è una perla, non so, può essere magari turistico, cioè una perla in quel senso. | JI18: 0 | JJ18: Che aprendo il museo c'è la possibilità che assumano dipendenti e quindi ci siano meno disoccupati. | JK18: 0 | JL18: =(Foglio1!$JD18+Foglio1!$JE18+Foglio1!$JF18+Foglio1!$JG18+Foglio1!$JI18+Foglio1!$JK18)/6 -> 0.5 | JM18: 1 | JN18: 1 | JO18: 1 | JP18: =(Foglio1!$JM18+Foglio1!$JN18+Foglio1!$JO18)/3 -> 1 | JQ18: 1 | JR18: 0 | JS18: =(Foglio1!$JQ18+Foglio1!$JR18)/2 -> 0.5 | JT18: Che non lasciano in pace le persone nel senso che cercano notizie a tutti i costi invadendo magari anche la privacy. | JU18: 1 | JV18: Can che abbaia non morde nel senso che poi in fin dei conti non fa del male | JW18: 0 | JX18: La medaglia può avere sia l'aspetto positivo che negativo. Ogni medaglia può avere un aspetto positivo o negativo. Ha due facce la medaglia, secondo me. | JY18: 1 | JZ18: =(Foglio1!$JU18+Foglio1!$JW18+Foglio1!$JY18)/3 -> 0.66666667 | KA18: =(Foglio1!$JC18) -> 0.75 | KB18: =(Foglio1!$JL18+Foglio1!$JP18+Foglio1!$JS18+Foglio1!$JZ18)/4 -> 0.66666667 | KC18: =(Foglio1!$JC18+Foglio1!$JL18+Foglio1!$JP18+Foglio1!$JS18+Foglio1!$JZ18)/5 -> 0.68333333 | KD18: Che ancora non hanno la propria identità, quindi possono... non lo so, prendere la strada buona come quella cattiva. | KE18: 1 | KF18: 2 | KG18: Allora non lo so dire certe sono spighe sono un po' pungono cioè quindi....come si può dire diversamente? Se pungono... Ma neanche arroganti, arroganti è un'altra cosa. Salto, non mi viene | KH18: 1 | KI18: 2 | KJ18: I figli sono stampelle perché forse li devi tenere per mano tutti e due, cioè li devi sostenere, li devi sostenere. | KK18: 0 | KL18: 1 | KM18: Che è molto carina, pura, delicata | KN18: 0 | KO18: 2 | KP18: Certi amici sono ancore e significa che ti aiutano, ti stanno vicino. | KQ18: 2 | KR18: 3 | KS18: I vecchi perché comunque già la tartaruga di suo cammina piano piano, quindi fa tutte le cose in modo più rallentato. | KT18: 2 | KU18: 1 | KV18: Perché ha tanti cazzotti. | KW18: 2 | KX18: 1 | KY18: Perché hanno tanta immaginazione e... hanno tanti pensieri loro. Quindi volano come gli aeroplani, i pensieri. | KZ18: 1 | LA18: 3 | LB18: Che cantano bene. | LC18: 2 | LD18: 1 | LE18: Sono pilastri, perché comunque hanno tanta esperienza e hanno tanta esperienza | LF18: 0 | LG18: 2 | LH18: I bagnini? Perché gli piace star nell'acqua. | LI18: 0 | LJ18: 1 | LK18: Perché si atteggiano. | LL18: 2 | LM18: 3 | LN18: Perché sono morbidi come batuffoli. | LO18: 2 | LP18: 1 | LQ18: Lanterne si intende tipo luminari? Cioè che sono intelligenti? Boh, diciamo così. | LR18: 1 | LS18: 3 | LT18: =(Foglio1!$KE18+Foglio1!$KH18+Foglio1!$KK18+Foglio1!$KN18+Foglio1!$KQ18+Foglio1!$KT18+Foglio1!$KW18+Foglio1!$KZ18+Foglio1!$LC18+Foglio1!$LF18+Foglio1!$LI18+Foglio1!$LL18+Foglio1!$LO18+Foglio1!$LR18) -> 16 | LU18: =(Foglio1!$KI18+Foglio1!$KF18+Foglio1!$KL18+Foglio1!$KO18+Foglio1!$KR18+Foglio1!$KU18+Foglio1!$KX18+Foglio1!$LA18+Foglio1!$LD18+Foglio1!$LG18+Foglio1!$LJ18+Foglio1!$LM18+Foglio1!$LP18+Foglio1!$LS18) -> 26 | LV18: 27 | LW18: 43 | LX18: 21 | LY18: 23 | LZ18: 0 | MA18: 0 | MB18: 0 | MC18: 0 | MD18: =SUM(LZ18:MC18) -> 0 | ME18: 0 | MF18: 0 | MG18: 0 | MH18: 0 | MI18: =SUM(ME18:MH18) -> 0
A19: 3bc7180d41b0316d | B19: 51 | C19: F | D19: 13 | E19: 1 | F19: Yes | G19: Nihillistic | H19: 296.34 Depressione Maggiore, episodio ricorrente, grave, con comportamento psicotico | I19: (296.34) Depressione maggiore, episodio ricorrente, grave, con comportamento psicotico | L19: BBB | M19: Affective disorders | N19: Episodio depressivo maggiore | O19: 45562 | P19: 45588 | Q19: Depressione | AH19: Sertralina | AI19: 200 mg/die | AJ19: Olanzapina | AK19: 20 mg/die | AL19: BBB | AM19: BBB | AN19: BBB | AO19: BBB | AP19: BBB | AQ19: BBB | AR19: BBB | AS19: BBB | AT19: BBB | AU19: BBB | AV19: BBB | AW19: BBB | AX19: 2 | AZ19: AAA | BA19: =(P19-O19) -> 26 | BG19: 45565 | BH19: 4 | BI19: 3 | BJ19: 3 | BK19: 2 | BL19: 3 | BM19: 4 | BN19: 2 | BO19: =SUM(Foglio1!$BH19:$BM19) -> 19 | BP19: 5 | BQ19: 1 | BR19: 13 | BS19: 25 | BT19: 5 | BU19: 1 | BV19: 1 | BW19: 1 | BX19: 1 | BY19: 3 | BZ19: 1 | CA19: 1 | CB19: 1 | CC19: 1 | CD19: 3 | CE19: 1 | CF19: 1 | CG19: 2 | CH19: 2 | CI19: 3 | CJ19: 2 | CK19: 3 | CL19: 1 | CM19: 3 | CN19: 1 | CO19: 1 | CP19: 3 | CQ19: 1 | CR19: 1 | CS19: 3 | CT19: 1 | CU19: 1 | CV19: 4 | CW19: 2 | CX19: =SUM(Foglio1!$BT19:$CW19) -> 55 | CY19: =SUM(Foglio1!$BT19+Foglio1!$BV19+Foglio1!$CP19+Foglio1!$BY19+Foglio1!$BX19+Foglio1!$CH19+Foglio1!$CS19+Foglio1!$CW19-Foglio1!$CE19) -> 19 | CZ19: =SUM(Foglio1!$CF19+Foglio1!$CA19+Foglio1!$CB19+Foglio1!$CD19+Foglio1!$CN19+Foglio1!$CC19+Foglio1!$CW19+Foglio1!$CO19+Foglio1!$CT19-Foglio1!$BU19) -> 11 | DA19: =SUM(Foglio1!$CG19+Foglio1!$CR19+Foglio1!$CQ19+Foglio1!$BU19+Foglio1!$CE19+Foglio1!$CL19+Foglio1!$CS19+Foglio1!$CT19+Foglio1!$CV19+Foglio1!$CP19) -> 18 | DB19: =SUM(Foglio1!$CU19+Foglio1!$BW19+Foglio1!$BZ19+Foglio1!$CO19+Foglio1!$BX19+Foglio1!$CC19+Foglio1!$CK19+Foglio1!$CW19) -> 11 | DC19: =SUM(Foglio1!$CI19+Foglio1!$CM19+Foglio1!$CJ19+Foglio1!$CK19+Foglio1!$BY19+Foglio1!$CH19+Foglio1!$CV19+Foglio1!$CW19) -> 22 | DD19: 1 | DE19: 0 | DF19: 0 | DG19: 0 | DH19: 0 | DI19: 0 | DJ19: 0 | DK19: 0 | DL19: 0 | DM19: 0 | DN19: 0 | DO19: 0 | DP19: 0 | DQ19: 0 | DR19: 0 | DS19: 0 | DT19: 2 | DU19: 0 | DV19: 0 | DW19: 0 | DX19: 1 | DY19: 0 | DZ19: 0 | EA19: 0 | EB19: 1 | EC19: 0 | ED19: 0 | EE19: 0 | EF19: 0 | EG19: 0 | EH19: =(Foglio1!$DE19+Foglio1!$DH19+Foglio1!$DG19+Foglio1!$DF19+Foglio1!$DM19+Foglio1!$DD19+Foglio1!$DO19+Foglio1!$DL19+Foglio1!$DN19+Foglio1!$DQ19+Foglio1!$DP19+Foglio1!$DT19+Foglio1!$DI19+Foglio1!$DK19+Foglio1!$DU19) -> 3 | EI19: =(Foglio1!$EA19+Foglio1!$EB19+Foglio1!$EE19+Foglio1!$EC19+Foglio1!$ED19+Foglio1!$DZ19+Foglio1!$DY19) -> 1 | EJ19: =(Foglio1!$DW19+Foglio1!$DV19+Foglio1!$DX19) -> 1 | EK19: =(Foglio1!$EG19+Foglio1!$EF19) -> 0 | EL19: 1 | EM19: 0 | EN19: 0 | EO19: 1 | EP19: {=SUM(EL19:EO19/4)} -> 0.5 | EQ19: 1 | ER19: 1 | ES19: 1 | ET19: 0 | EU19: perché possono portarsi via i cinghiali | EV19: 0 | EW19: che riesca a salvare la situazione, dottore | EX19: 1 | EY19: =(Foglio1!$EQ19+Foglio1!$ER19+Foglio1!$ES19+Foglio1!$ET19+Foglio1!$EV19+Foglio1!$EX19)/6 -> 0.66666667 | EZ19: 1 | FA19: 1 | FB19: 1 | FC19: =(Foglio1!$EZ19+Foglio1!$FA19+Foglio1!$FB19)/3 -> 1 | FD19: 0 | FE19: 1 | FF19: =(Foglio1!$FD19+Foglio1!$FE19)/2 -> 0.5 | FG19: significa che c'è talmente tanto contenuto di materiale che come la dimensione di una miniera. | FH19: 0 | FI19: eh che se davanti a un ingente insomma di denaro per qualsiasi cosa ti ammazzano magari anche per mettere i soldi su di te. | FJ19: 0 | FK19: i piaceri della vita sono più di quello e quindi oltre il pane qualcosa di più materialistico. Oltre il pane che è la salvezza. | FL19: 0 | FM19: =(Foglio1!$FH19+Foglio1!$FJ19+Foglio1!$FL19)/3 -> 0 | FN19: =(Foglio1!$EP19) -> 0.5 | FO19: =(Foglio1!$EY19+Foglio1!$FC19+Foglio1!$FF19+Foglio1!$FM19)/4 -> 0.54166667 | FP19: =(Foglio1!$EP19+Foglio1!$EY19+Foglio1!$FC19+Foglio1!$FF19+Foglio1!$FM19)/5 -> 0.53333333 | FQ19: 45574 | FR19: 0 | FS19: 1 | FT19: 1 | FU19: 0 | FV19: 1 | FW19: 0 | FX19: 0 | FY19: 3 | FZ19: 1 | GA19: 1 | GB19: 65 | GC19: 1 | GD19: 0 | GE19: 0 | GF19: 0 | GG19: 0 | GH19: 1 | GI19: 0 | GJ19: 0 | GK19: 0 | GL19: 0 | GM19: 0 | GN19: 0 | GO19: 0 | GP19: 0 | GQ19: 0 | GR19: 2 | GS19: 0 | GT19: 2 | GU19: 0 | GV19: 2 | GW19: 0 | GX19: 0 | GY19: 1 | GZ19: 0 | HA19: 0 | HB19: 0 | HC19: 0 | HD19: 0 | HE19: 2 | HF19: 0 | HG19: =SUM(GC19:HF19) -> 11 | HH19: =SUM(GC19+GE19+GY19+GH19+GG19+GQ19+HB19+HF19-GN19) -> 3 | HI19: =SUM(GO19+GJ19+GK19+GM19+GW19+GL19+HF19+GX19+HC19-GD19) -> 0 | HJ19: =SUM(GP19+HA19+GZ19+GD19+GN19+GU19+HB19+HC19+HE19+GY19) -> 3 | HK19: =SUM(HD19+GF19+GI19+GX19+GG19+GL19+GT19+HF19) -> 2 | HL19: =SUM(GR19+GV19+GS19+GT19+GH19+GQ19+HE19+HF19) -> 9 | HM19: 2 | HN19: 2 | HO19: 0 | HP19: 0 | HQ19: 0 | HR19: 0 | HS19: 0 | HT19: 0 | HU19: 0 | HV19: 0 | HW19: 0 | HX19: 0 | HY19: 0 | HZ19: 0 | IA19: 0 | IB19: 0 | IC19: 0 | ID19: 0 | IE19: 0 | IF19: 0 | IG19: 0 | IH19: 0 | II19: 3 | IJ19: 0 | IK19: 0 | IL19: 0 | IM19: 0 | IN19: 0 | IO19: 1 | IP19: 0 | IQ19: =SUM(HN19+HQ19+HP19+HO19+HV19+HM19+HX19+HU19+HW19+HZ19+HY19+IC19+HR19+HT19+ID19) -> 4 | IR19: =SUM(IJ19+IK19+IN19+IL19+IM19+II19+IH19) -> 3 | IS19: =SUM(IF19+IE19+IG19) -> 0 | IT19: =SUM(IP19+IO19) -> 1 | IU19: AAA | IV19: AAA | IW19: AAA | IX19: AAA | IY19: 1 | IZ19: 0 | JA19: 1 | JB19: 1 | JC19: =(Foglio1!$IY19+Foglio1!$IZ19+Foglio1!$JA19+Foglio1!$JB19)/4 -> 0.75 | JD19: 1 | JE19: 1 | JF19: 1 | JG19: 0 | JH19: eh beh, è un'accezione positiva. Come ad esempio un'opera d'arte, una magnificenza. Il Duomo di Firenze è più paragonabile a quello, è una perla | JI19: 1 | JJ19: Eh, perché intanto fanno lavorare questa persona anche il sabato e la domenica, può portare a casa più soldi, può... e se lavora il sabato e la domenica c'è bisogno di altro personale, e quindi sono contenti. | JK19: 0 | JL19: =(Foglio1!$JD19+Foglio1!$JE19+Foglio1!$JF19+Foglio1!$JG19+Foglio1!$JI19+Foglio1!$JK19)/6 -> 0.66666667 | JM19: 1 | JN19: 1 | JO19: 1 | JP19: =(Foglio1!$JM19+Foglio1!$JN19+Foglio1!$JO19)/3 -> 1 | JQ19: 1 | JR19: 1 | JS19: =(Foglio1!$JQ19+Foglio1!$JR19)/2 -> 1 | JT19: Può significare che sono di parte. Non indipendenti | JU19: 0 | JV19: Che una persona che parla tanto poi fa poco e nulla e poi, babababa, abbaia e poi non fa niente. Di concreto, mi scusi | JW19: 1 | JX19: Verissimo. C'è la testa e la croce su ogni medaglia, no? Ha due facce vuol dire | JY19: 0 | JZ19: =(Foglio1!$JU19+Foglio1!$JW19+Foglio1!$JY19)/3 -> 0.33333333 | KA19: =(Foglio1!$JC19) -> 0.75 | KB19: =(Foglio1!$JL19+Foglio1!$JP19+Foglio1!$JS19+Foglio1!$JZ19)/4 -> 0.75 | KC19: =(Foglio1!$JC19+Foglio1!$JL19+Foglio1!$JP19+Foglio1!$JS19+Foglio1!$JZ19)/5 -> 0.75 | KD19: Sembrerebbe che sono precisi. | KE19: 0 | KF19: 1 | KG19: Perché sono filiformi | KH19: 2 | KI19: 1 | KJ19: sì, il bastone della vecchiaia dei genitori. | KK19: 1 | KL19: 2 | KM19: Perché è vestita magari in una maniera vaporosa che ricorda la dimensione abnorme di una nuvola, in senso ironico. | KN19: 2 | KO19: 1 | KP19: Vuol dire che sono dei modi per salvarsi. Ti affidi a loro, no? Per quello che possono fare perché ognuno ha la sua vita. Non è che poi ti possano adottare. | KQ19: 1 | KR19: 3 | KS19: Forse perché si sono fatti la scorza come la tartaruga e hanno questo guscio spesso che sono gli anni che passano e ogni strato di pelle è un anno di esperienza che hanno acquisito | KT19: 1 | KU19: 1 | KV19: Non so perché non sapendo il panda le caratteristiche che ha, che ha gli occhi neri cerchiati come un panda? Non lo so. | KW19: 2 | KX19: 1 | KY19: Perché i loro pensieri volano veloci come degli aeroplani. Per essere un filosofo è la base di tutto il tuo pensiero. | KZ19: 1 | LA19: 3 | LB19: Perché hanno una voce bella, come il cinquettio degli usignoli | LC19: 2 | LD19: 1 | LE19: Perché aiutano l'economia domestica | LF19: 1 | LG19: 2 | LH19: Che sanno nuotare, però le lucertole non sanno nuotare, o sì. | LI19: 0 | LJ19: 1 | LK19: Sì, sono pavoni, nel senso che si fanno...si atteggiano tanto bene e poi magari non rispettano le cose che hanno detto. | LL19: 2 | LM19: 3 | LN19: Batuffoli perché sono profumati, hanno quell'odore delizioso, sono teneri, sono morbidi, sono...non hanno ancora la cartilagine formata e quindi è come il cotone. | LO19: 2 | LP19: 1 | LQ19: Dei lumi, illuminismo, il lume, illuminismo. Dei lumi della sapienza, no? | LR19: 1 | LS19: 3 | LT19: =(Foglio1!$KE19+Foglio1!$KH19+Foglio1!$KK19+Foglio1!$KN19+Foglio1!$KQ19+Foglio1!$KT19+Foglio1!$KW19+Foglio1!$KZ19+Foglio1!$LC19+Foglio1!$LF19+Foglio1!$LI19+Foglio1!$LL19+Foglio1!$LO19+Foglio1!$LR19) -> 18 | LU19: =(Foglio1!$KI19+Foglio1!$KF19+Foglio1!$KL19+Foglio1!$KO19+Foglio1!$KR19+Foglio1!$KU19+Foglio1!$KX19+Foglio1!$LA19+Foglio1!$LD19+Foglio1!$LG19+Foglio1!$LJ19+Foglio1!$LM19+Foglio1!$LP19+Foglio1!$LS19) -> 24 | LV19: 16 | LW19: 37 | LX19: 11 | LY19: 23 | LZ19: 0 | MA19: 4 | MB19: 2 | MC19: 2 | MD19: =SUM(LZ19:MC19) -> 8 | ME19: 0 | MF19: 0 | MG19: 0 | MH19: 0 | MI19: =SUM(ME19:MH19) -> 0
A20: f997a499ce674850 | B20: 50 | C20: F | D20: 11 | E20: 0 | F20: Yes | G20: BBB | H20: 296.33 Episodio depressivo ricorrente, grave, senza menzione di comportamento psicotico | I20: (296.33) Episodio depressivo ricorrente, 5, senza menzione di comportamento psicotico | J20: (301.9) Disturbo di personalità NAS | L20: 301.9 Disturbo di personalità NAS | M20: Affective disorders | N20: Depressione con sintomi catatonici | O20: 45457 | P20: 45492 | Q20: CCC | R20: NA | V20: Lorazepam | W20: Zolpidem | X20: Clonazepam | Y20: Venlafaxina | Z20: Quietapina | AA20: Asenapina | AB20: Olanzepina | AC20: Macrogol | AD20: Statineù | AH20: Venlafaxina | AI20: cp 150 mg ore 8 | AJ20: Olanzapina | AK20: cp 15 mg ore 20 | AL20: Lorazepam | AM20: cp 2,5 mg ore 22 | AN20: BBB | AO20: BBB | AP20: BBB | AQ20: BBB | AR20: BBB | AS20: BBB | AT20: BBB | AU20: BBB | AV20: BBB | AW20: BBB | AX20: 3 | AZ20: AAA | BA20: =(P20-O20) -> 35 | BB20: ccc | BD20: NA | BE20: No | BF20: NA | BG20: 45460 | BH20: BBB | BI20: BBB | BJ20: BBB | BK20: BBB | BL20: BBB | BM20: BBB | BN20: BBB | BO20: BBB | BP20: 4 | BQ20: 3 | BR20: 10 | BS20: 40 | BT20: 1 | BU20: 2 | BV20: 1 | BW20: 1 | BX20: 1 | BY20: 3 | BZ20: 1 | CA20: 4 | CB20: 4 | CC20: 3 | CD20: 4 | CE20: 3 | CF20: 5 | CG20: 2 | CH20: 4 | CI20: 5 | CJ20: 1 | CK20: 5 | CL20: 2 | CM20: 4 | CN20: 5 | CO20: 1 | CP20: 2 | CQ20: 1 | CR20: 1 | CS20: 1 | CT20: 4 | CU20: 2 | CV20: 5 | CW20: 5 | CX20: =SUM(Foglio1!$BT20:$CW20) -> 83 | CY20: =SUM(Foglio1!$BT20+Foglio1!$BV20+Foglio1!$CP20+Foglio1!$BY20+Foglio1!$BX20+Foglio1!$CH20+Foglio1!$CS20+Foglio1!$CW20-Foglio1!$CE20) -> 15 | CZ20: =SUM(Foglio1!$CF20+Foglio1!$CA20+Foglio1!$CB20+Foglio1!$CD20+Foglio1!$CN20+Foglio1!$CC20+Foglio1!$CW20+Foglio1!$CO20+Foglio1!$CT20-Foglio1!$BU20) -> 33 | DA20: =SUM(Foglio1!$CG20+Foglio1!$CR20+Foglio1!$CQ20+Foglio1!$BU20+Foglio1!$CE20+Foglio1!$CL20+Foglio1!$CS20+Foglio1!$CT20+Foglio1!$CV20+Foglio1!$CP20) -> 23 | DB20: =SUM(Foglio1!$CU20+Foglio1!$BW20+Foglio1!$BZ20+Foglio1!$CO20+Foglio1!$BX20+Foglio1!$CC20+Foglio1!$CK20+Foglio1!$CW20) -> 19 | DC20: =SUM(Foglio1!$CI20+Foglio1!$CM20+Foglio1!$CJ20+Foglio1!$CK20+Foglio1!$BY20+Foglio1!$CH20+Foglio1!$CV20+Foglio1!$CW20) -> 32 | DD20: 0 | DE20: 0 | DF20: 0 | DG20: 0 | DH20: 0 | DI20: 0 | DJ20: 0 | DK20: 0 | DL20: 0 | DM20: 0 | DN20: 0 | DO20: 0 | DP20: 0 | DQ20: 0 | DR20: 0 | DS20: 0 | DT20: 4 | DU20: 0 | DV20: 4 | DW20: 4 | DX20: 1 | DY20: CCC | DZ20: CCC | EA20: CCC | EB20: CCC | EC20: CCC | ED20: CCC | EE20: CCC | EF20: CCC | EG20: CCC | EH20: =(Foglio1!$DE20+Foglio1!$DH20+Foglio1!$DG20+Foglio1!$DF20+Foglio1!$DM20+Foglio1!$DD20+Foglio1!$DO20+Foglio1!$DL20+Foglio1!$DN20+Foglio1!$DQ20+Foglio1!$DP20+Foglio1!$DT20+Foglio1!$DI20+Foglio1!$DK20+Foglio1!$DU20) -> 4 | EI20: =(Foglio1!$EA20+Foglio1!$EB20+Foglio1!$EE20+Foglio1!$EC20+Foglio1!$ED20+Foglio1!$DZ20+Foglio1!$DY20) -> #VALUE! | EJ20: =(Foglio1!$DW20+Foglio1!$DV20+Foglio1!$DX20) -> 9 | EK20: =(Foglio1!$EG20+Foglio1!$EF20) -> #VALUE! | EL20: 1 | EM20: 0 | EN20: 1 | EO20: 1 | EP20: {=SUM(EL20:EO20/4)} -> 0.75 | EQ20: 1 | ER20: 0 | ES20: 1 | ET20: 0 | EU20: AAA | EV20: 0 | EW20: AAA | EX20: 0 | EY20: =(Foglio1!$EQ20+Foglio1!$ER20+Foglio1!$ES20+Foglio1!$ET20+Foglio1!$EV20+Foglio1!$EX20)/6 -> 0.33333333 | EZ20: 1 | FA20: CCC | FB20: CCC | FC20: =(Foglio1!$EZ20+Foglio1!$FA20+Foglio1!$FB20)/3 -> #VALUE! | FD20: CCC | FE20: CCC | FF20: =(Foglio1!$FD20+Foglio1!$FE20)/2 -> #VALUE! | FG20: piene di libri | FH20: 0 | FI20: quando c'è la possibilità di fare | FJ20: 0 | FK20: ci vuole qualcosa in più nella vita | FL20: 1 | FM20: =(Foglio1!$FH20+Foglio1!$FJ20+Foglio1!$FL20)/3 -> 0.33333333 | FN20: =(Foglio1!$EP20) -> 0.75 | FO20: =(Foglio1!$EY20+Foglio1!$FC20+Foglio1!$FF20+Foglio1!$FM20)/4 -> #VALUE! | FP20: =(Foglio1!$EP20+Foglio1!$EY20+Foglio1!$FC20+Foglio1!$FF20+Foglio1!$FM20)/5 -> #VALUE! | FQ20: 45488 | FR20: BBB | FS20: BBB | FT20: BBB | FU20: BBB | FV20: BBB | FW20: BBB | FX20: BBB | FY20: 4 | FZ20: 3 | GA20: 10 | GB20: 45 | GC20: 0 | GD20: 1 | GE20: 0 | GF20: 0 | GG20: 0 | GH20: 2 | GI20: 2 | GJ20: 3 | GK20: 3 | GL20: 3 | GM20: 3 | GN20: 2 | GO20: 5 | GP20: 0 | GQ20: 0 | GR20: 2 | GS20: 2 | GT20: 3 | GU20: 3 | GV20: 3 | GW20: 5 | GX20: 0 | GY20: 0 | GZ20: 0 | HA20: 0 | HB20: 0 | HC20: 3 | HD20: 0 | HE20: 3 | HF20: 3 | HG20: =SUM(GC20:HF20) -> 51 | HH20: =SUM(GC20+GE20+GY20+GH20+GG20+GQ20+HB20+HF20-GN20) -> 3 | HI20: =SUM(GO20+GJ20+GK20+GM20+GW20+GL20+HF20+GX20+HC20-GD20) -> 27 | HJ20: =SUM(GP20+HA20+GZ20+GD20+GN20+GU20+HB20+HC20+HE20+GY20) -> 12 | HK20: =SUM(HD20+GF20+GI20+GX20+GG20+GL20+GT20+HF20) -> 11 | HL20: =SUM(GR20+GV20+GS20+GT20+GH20+GQ20+HE20+HF20) -> 18 | HM20: 0 | HN20: 0 | HO20: 0 | HP20: 0 | HQ20: 0 | HR20: 0 | HS20: 0 | HT20: 1 | HU20: 0 | HV20: 0 | HW20: 0 | HX20: 0 | HY20: 0 | HZ20: 0 | IA20: 0 | IB20: 0 | IC20: 2 | ID20: 0 | IE20: 3 | IF20: 0 | IG20: 1 | IH20: 1 | II20: 2 | IJ20: 1 | IK20: 2 | IL20: 2 | IM20: 2 | IN20: 2 | IO20: 2 | IP20: 2 | IQ20: =SUM(HN20+HQ20+HP20+HO20+HV20+HM20+HX20+HU20+HW20+HZ20+HY20+IC20+HR20+HT20+ID20) -> 3 | IR20: =SUM(IJ20+IK20+IN20+IL20+IM20+II20+IH20) -> 12 | IS20: =SUM(IF20+IE20+IG20) -> 4 | IT20: =SUM(IP20+IO20) -> 4 | IU20: AAA | IV20: AAA | IW20: AAA | IX20: AAA | JC20: =(Foglio1!$IY20+Foglio1!$IZ20+Foglio1!$JA20+Foglio1!$JB20)/4 -> 0 | JD20: 1 | JE20: 0 | JF20: 0 | JG20: 0 | JH20: è bello | JI20: 1 | JJ20: (non risponde) | JK20: 0 | JL20: =(Foglio1!$JD20+Foglio1!$JE20+Foglio1!$JF20+Foglio1!$JG20+Foglio1!$JI20+Foglio1!$JK20)/6 -> 0.33333333 | JM20: 1 | JN20: 1 | JO20: 1 | JP20: =(Foglio1!$JM20+Foglio1!$JN20+Foglio1!$JO20)/3 -> 1 | JQ20: 1 | JR20: 1 | JS20: =(Foglio1!$JQ20+Foglio1!$JR20)/2 -> 1 | JT20: vogliono sapere troppo | JU20: 0 | JV20: sembra cattivo ma non lo è | JW20: 1 | JX20: (non risponde) | JY20: 0 | JZ20: =(Foglio1!$JU20+Foglio1!$JW20+Foglio1!$JY20)/3 -> 0.33333333 | KA20: =(Foglio1!$JC20) -> 0 | KB20: =(Foglio1!$JL20+Foglio1!$JP20+Foglio1!$JS20+Foglio1!$JZ20)/4 -> 0.66666667 | KC20: =(Foglio1!$JC20+Foglio1!$JL20+Foglio1!$JP20+Foglio1!$JS20+Foglio1!$JZ20)/5 -> 0.53333333 | KD20: cambiano idea spesso | KE20: 2 | KF20: 3 | KG20: (non risponde) | KH20: 0 | KI20: 0 | KJ20: aiutano i genitori | KK20: 2 | KL20: 3 | KM20: ha un vestito bello | KN20: 0 | KO20: 1 | KP20: ci si può fidare | KQ20: 2 | KR20: 3 | KS20: hanno la corazza | KT20: 1 | KU20: 1 | KV20: ha un occhio nero | KW20: 2 | KX20: 1 | KY20: non lo so | KZ20: 0 | LA20: 0 | LB20: (non risponde) | LC20: 0 | LD20: 0 | LE20: aiutano la famiglia | LF20: 2 | LG20: 3 | LH20: stanno sempre al sole | LI20: 2 | LJ20: 1 | LK20: si danno troppe arie | LL20: 2 | LM20: 3 | LN20: sono delle piccole creature | LO20: 2 | LP20: 1 | LQ20: illuminano | LR20: 1 | LS20: 2 | LT20: =(Foglio1!$KE20+Foglio1!$KH20+Foglio1!$KK20+Foglio1!$KN20+Foglio1!$KQ20+Foglio1!$KT20+Foglio1!$KW20+Foglio1!$KZ20+Foglio1!$LC20+Foglio1!$LF20+Foglio1!$LI20+Foglio1!$LL20+Foglio1!$LO20+Foglio1!$LR20) -> 18 | LU20: =(Foglio1!$KI20+Foglio1!$KF20+Foglio1!$KL20+Foglio1!$KO20+Foglio1!$KR20+Foglio1!$KU20+Foglio1!$KX20+Foglio1!$LA20+Foglio1!$LD20+Foglio1!$LG20+Foglio1!$LJ20+Foglio1!$LM20+Foglio1!$LP20+Foglio1!$LS20) -> 22 | LV20: 14 | LW20: 37 | LX20: 8 | LY20: 29 | LZ20: 0 | MA20: 0 | MB20: 0 | MC20: 1 | MD20: =SUM(LZ20:MC20) -> 1 | ME20: 0 | MF20: 0 | MG20: 0 | MH20: 0 | MI20: =SUM(ME20:MH20) -> 0
A21: 331cc09945563888 | B21: 48 | C21: M | D21: 13 | E21: 1 | F21: Yes | G21: Bizarre | H21: 296.02 Disturbo bipolare I, episodio maniacale singolo, moderato | I21: (296.02) Disturbo bipolare I, episodio maniacale singolo, moderato | L21: BBB | M21: Affective disorders | N21: Disturbo bipolare | O21: 45559 | P21: 45579 | Q21: Disturbo bipolare | AH21: Acido Valproico CH | AI21: 1250 mg/die | AJ21: Aripiprazolo LAI | AK21: 400 mg /4 sett | AL21: BBB | AM21: BBB | AN21: BBB | AO21: BBB | AP21: BBB | AQ21: BBB | AR21: BBB | AS21: BBB | AT21: BBB | AU21: BBB | AV21: BBB | AW21: BBB | AX21: 2 | AZ21: No | BA21: =(P21-O21) -> 20 | BG21: 45566 | BH21: 4 | BI21: 2 | BJ21: 4 | BK21: 4 | BL21: 3 | BM21: 3 | BN21: 2 | BO21: =SUM(Foglio1!$BH21:$BM21) -> 20 | BP21: 5 | BQ21: 3 | BR21: 10 | BS21: 50 | BT21: 4 | BU21: 4 | BV21: 2 | BW21: 4 | BX21: 3 | BY21: 1 | BZ21: 2 | CA21: 1 | CB21: 1 | CC21: 1 | CD21: 2 | CE21: 1 | CF21: 1 | CG21: 2 | CH21: 1 | CI21: 2 | CJ21: 2 | CK21: 3 | CL21: 3 | CM21: 2 | CN21: 1 | CO21: 2 | CP21: 3 | CQ21: 1 | CR21: 2 | CS21: 1 | CT21: 5 | CU21: 1 | CV21: 1 | CW21: 2 | CX21: =SUM(Foglio1!$BT21:$CW21) -> 61 | CY21: =SUM(Foglio1!$BT21+Foglio1!$BV21+Foglio1!$CP21+Foglio1!$BY21+Foglio1!$BX21+Foglio1!$CH21+Foglio1!$CS21+Foglio1!$CW21-Foglio1!$CE21) -> 16 | CZ21: =SUM(Foglio1!$CF21+Foglio1!$CA21+Foglio1!$CB21+Foglio1!$CD21+Foglio1!$CN21+Foglio1!$CC21+Foglio1!$CW21+Foglio1!$CO21+Foglio1!$CT21-Foglio1!$BU21) -> 12 | DA21: =SUM(Foglio1!$CG21+Foglio1!$CR21+Foglio1!$CQ21+Foglio1!$BU21+Foglio1!$CE21+Foglio1!$CL21+Foglio1!$CS21+Foglio1!$CT21+Foglio1!$CV21+Foglio1!$CP21) -> 23 | DB21: =SUM(Foglio1!$CU21+Foglio1!$BW21+Foglio1!$BZ21+Foglio1!$CO21+Foglio1!$BX21+Foglio1!$CC21+Foglio1!$CK21+Foglio1!$CW21) -> 18 | DC21: =SUM(Foglio1!$CI21+Foglio1!$CM21+Foglio1!$CJ21+Foglio1!$CK21+Foglio1!$BY21+Foglio1!$CH21+Foglio1!$CV21+Foglio1!$CW21) -> 14 | DD21: 3 | DE21: 0 | DF21: 2 | DG21: 1 | DH21: 0 | DI21: 3 | DJ21: 0 | DK21: 0 | DL21: 0 | DM21: 0 | DN21: 4 | DO21: 0 | DP21: 0 | DQ21: 0 | DR21: 0 | DS21: 0 | DT21: 2 | DU21: 0 | DV21: 3 | DW21: 0 | DX21: 0 | DY21: 0 | DZ21: 0 | EA21: 1 | EB21: 0 | EC21: 0 | ED21: 0 | EE21: 3 | EF21: 0 | EG21: 0 | EH21: =(Foglio1!$DE21+Foglio1!$DH21+Foglio1!$DG21+Foglio1!$DF21+Foglio1!$DM21+Foglio1!$DD21+Foglio1!$DO21+Foglio1!$DL21+Foglio1!$DN21+Foglio1!$DQ21+Foglio1!$DP21+Foglio1!$DT21+Foglio1!$DI21+Foglio1!$DK21+Foglio1!$DU21) -> 15 | EI21: =(Foglio1!$EA21+Foglio1!$EB21+Foglio1!$EE21+Foglio1!$EC21+Foglio1!$ED21+Foglio1!$DZ21+Foglio1!$DY21) -> 4 | EJ21: =(Foglio1!$DW21+Foglio1!$DV21+Foglio1!$DX21) -> 3 | EK21: =(Foglio1!$EG21+Foglio1!$EF21) -> 0 | EL21: 1 | EM21: 0 | EN21: 1 | EO21: 1 | EP21: {=SUM(EL21:EO21/4)} -> 0.75 | EQ21: 1 | ER21: 1 | ES21: 0 | ET21: 1 | EU21: Che non andrà più nessuno | EV21: 1 | EW21: Aprire la caccia contro il cinghiale | EX21: 0 | EY21: =(Foglio1!$EQ21+Foglio1!$ER21+Foglio1!$ES21+Foglio1!$ET21+Foglio1!$EV21+Foglio1!$EX21)/6 -> 0.66666667 | EZ21: 1 | FA21: 1 | FB21: 1 | FC21: =(Foglio1!$EZ21+Foglio1!$FA21+Foglio1!$FB21)/3 -> 1 | FD21: 1 | FE21: 1 | FF21: =(Foglio1!$FD21+Foglio1!$FE21)/2 -> 1 | FG21: Che sono piene d'oro | FH21: 0 | FI21: nel momento in cui viene tentato dal tintinnio e luccichio dei soldi magari chiude un occhietto e dice vabbè 500 euro le prendo io e 20 euro le do in beneficenza che tanto ci sfamano 700 bambini in Africa e quindi | FJ21: 0 | FK21: Si può rinunciare a tutto, chiedere che qualcuno ti dia da mangiare, poter tentare di vivere una vita più vera | FL21: 0 | FM21: =(Foglio1!$FH21+Foglio1!$FJ21+Foglio1!$FL21)/3 -> 0 | FN21: =(Foglio1!$EP21) -> 0.75 | FO21: =(Foglio1!$EY21+Foglio1!$FC21+Foglio1!$FF21+Foglio1!$FM21)/4 -> 0.66666667 | FP21: =(Foglio1!$EP21+Foglio1!$EY21+Foglio1!$FC21+Foglio1!$FF21+Foglio1!$FM21)/5 -> 0.68333333 | FQ21: 45579 | FR21: 3 | FS21: 2 | FT21: 3 | FU21: 2 | FV21: 3 | FW21: 3 | FX21: 3 | FY21: 4 | FZ21: 2 | GA21: 6 | GB21: 65 | GC21: 2 | GD21: 2 | GE21: 0 | GF21: 1 | GG21: 2 | GH21: 0 | GI21: 0 | GJ21: 0 | GK21: 0 | GL21: 0 | GM21: 1 | GN21: 0 | GO21: 0 | GP21: 1 | GQ21: 1 | GR21: 0 | GS21: 0 | GT21: 1 | GU21: 1 | GV21: 1 | GW21: 0 | GX21: 0 | GY21: 3 | GZ21: 0 | HA21: 1 | HB21: 0 | HC21: 0 | HD21: 0 | HE21: 3 | HF21: 1 | HG21: =SUM(GC21:HF21) -> 21 | HH21: =SUM(GC21+GE21+GY21+GH21+GG21+GQ21+HB21+HF21-GN21) -> 9 | HI21: =SUM(GO21+GJ21+GK21+GM21+GW21+GL21+HF21+GX21+HC21-GD21) -> 0 | HJ21: =SUM(GP21+HA21+GZ21+GD21+GN21+GU21+HB21+HC21+HE21+GY21) -> 11 | HK21: =SUM(HD21+GF21+GI21+GX21+GG21+GL21+GT21+HF21) -> 5 | HL21: =SUM(GR21+GV21+GS21+GT21+GH21+GQ21+HE21+HF21) -> 7 | HM21: 4 | HN21: 3 | HO21: 3 | HP21: 0 | HQ21: 0 | HR21: 2 | HS21: 0 | HT21: 0 | HU21: 0 | HV21: 0 | HW21: 2 | HX21: 0 | HY21: 0 | HZ21: 0 | IA21: 0 | IB21: 0 | IC21: 0 | ID21: 0 | IE21: 0 | IF21: 0 | IG21: 2 | IH21: 0 | II21: 0 | IJ21: 0 | IK21: 1 | IL21: 0 | IM21: 0 | IN21: 1 | IO21: 0 | IP21: 0 | IQ21: =SUM(HN21+HQ21+HP21+HO21+HV21+HM21+HX21+HU21+HW21+HZ21+HY21+IC21+HR21+HT21+ID21) -> 14 | IR21: =SUM(IJ21+IK21+IN21+IL21+IM21+II21+IH21) -> 2 | IS21: =SUM(IF21+IE21+IG21) -> 2 | IT21: =SUM(IP21+IO21) -> 0 | IU21: AAA | IV21: AAA | IW21: AAA | IX21: AAA | IY21: 0 | IZ21: 1 | JA21: 1 | JB21: 1 | JC21: =(Foglio1!$IY21+Foglio1!$IZ21+Foglio1!$JA21+Foglio1!$JB21)/4 -> 0.75 | JD21: 1 | JE21: 0 | JF21: 1 | JG21: 1 | JH21: Che è ricco di particolari oggetti importanti e molto bello a livello artistico e culturale | JI21: 1 | JJ21: se qualcuno volesse andare si risolverebbe veramente un pochino il problema della disoccupazione | JK21: 0 | JL21: =(Foglio1!$JD21+Foglio1!$JE21+Foglio1!$JF21+Foglio1!$JG21+Foglio1!$JI21+Foglio1!$JK21)/6 -> 0.66666667 | JM21: 1 | JN21: 1 | JO21: 1 | JP21: =(Foglio1!$JM21+Foglio1!$JN21+Foglio1!$JO21)/3 -> 1 | JQ21: 1 | JR21: 1 | JS21: =(Foglio1!$JQ21+Foglio1!$JR21)/2 -> 1 | JT21: Che pur di avere uno scoop sono disposti a qualsiasi cosa | JU21: 1 | JV21: Le persone che ostentano troppa sicurezza o potere non hanno la possibilità di staccare un braccio | JW21: 0 | JX21: Aver preso una medaglia al valore in guerra vuol dire aver visto tante cose che sarebbe stato meglio non aver visto per il bene di avere quella medaglia | JY21: 0 | JZ21: =(Foglio1!$JU21+Foglio1!$JW21+Foglio1!$JY21)/3 -> 0.33333333 | KA21: =(Foglio1!$JC21) -> 0.75 | KB21: =(Foglio1!$JL21+Foglio1!$JP21+Foglio1!$JS21+Foglio1!$JZ21)/4 -> 0.75 | KC21: =(Foglio1!$JC21+Foglio1!$JL21+Foglio1!$JP21+Foglio1!$JS21+Foglio1!$JZ21)/5 -> 0.75 | KD21: Che non hanno una personalità formata e quindi oscillano tra una proposta e l'altra | KE21: 2 | KF21: 3 | KG21: Che sono in grado di dare un buon seme | KH21: 0 | KI21: 2 | KJ21: nella vecchiaia i figli si prenderanno cura dei genitori finché i genitori non ne avranno bisogno | KK21: 2 | KL21: 3 | KM21: ha un bellissimo vestito di nozze | KN21: 1 | KO21: 1 | KP21: certi amici ti buttano giù | KQ21: 1 | KR21: 3 | KS21: sono molto preziose e con molta conoscenza | KT21: 0 | KU21: 2 | KV21: Non è abbastanza forte | KW21: 0 | KX21: 1 | KY21: Che viaggiano nel tempo | KZ21: 0 | LA21: 2 | LB21: hanno una bella voce | LC21: 2 | LD21: 1 | LE21: Mantengono le tradizioni. | LF21: 0 | LG21: 2 | LH21: amano stare al sole | LI21: 2 | LJ21: 1 | LK21: Che gli piace mostrarsi | LL21: 2 | LM21: 2 | LN21: sono morbidi come batuffoli | LO21: 2 | LP21: 1 | LQ21: Sono luce nell'oscurità, sono in grado di chiarire oscurità | LR21: 0 | LS21: 2 | LT21: =(Foglio1!$KE21+Foglio1!$KH21+Foglio1!$KK21+Foglio1!$KN21+Foglio1!$KQ21+Foglio1!$KT21+Foglio1!$KW21+Foglio1!$KZ21+Foglio1!$LC21+Foglio1!$LF21+Foglio1!$LI21+Foglio1!$LL21+Foglio1!$LO21+Foglio1!$LR21) -> 14 | LU21: =(Foglio1!$KI21+Foglio1!$KF21+Foglio1!$KL21+Foglio1!$KO21+Foglio1!$KR21+Foglio1!$KU21+Foglio1!$KX21+Foglio1!$LA21+Foglio1!$LD21+Foglio1!$LG21+Foglio1!$LJ21+Foglio1!$LM21+Foglio1!$LP21+Foglio1!$LS21) -> 26 | LV21: 30 | LW21: 44 | LX21: 10 | LY21: 32 | LZ21: 0 | MA21: 2 | MB21: 2 | MC21: 4 | MD21: =SUM(LZ21:MC21) -> 8 | ME21: 0 | MF21: 0 | MG21: 0 | MH21: 1 | MI21: =SUM(ME21:MH21) -> 1
A22: 6d103956491a0791 | B22: 21 | C22: F | D22: AAA | E22: 0 | F22: No | G22: BBB | H22: 296.33 Depressione maggiore, episodio ricorrente, grave, senza menzione di comportamento psicotico | I22: 296.33 - Depressione maggiore, episodio ricorrente, grave, senza menzione di comportamento psicotico | J22: 301.83 - Disturbo di personalità borderline | L22: 301.83 - Disturbo di personalità borderline | M22: Affective disorders | N22: Ideazione autolesiva | O22: 45914 | P22: 45958 | Q22: Disturbo di personalità borderline | T22: No | V22: Aripiprazolo | W22: Quetiapina | X22: Promazina | Y22: Clotiapina | Z22: Esketamina | AA22: Topiramato | AB22: Trazodone | AC22: Fluoxetina | AD22: Pregabalin | AE22: Delorazepam | AF22: Diazepam | AG22: Lorazepam | AH22: Fluoxetina | AI22: 40 mg ore 8 | AJ22: Quetiapina | AK22: 150 mg ore 8-14, 400mg ore 22 | AL22: Pregabalin | AM22: 200 mg ore 8-14-20 | AN22: Zolpidem | AO22: 10 mg ore 22 | AP22: Levomepromazina | AQ22: 100 mg ore 22 | AR22: BBB | AS22: BBB | AT22: BBB | AU22: BBB | AV22: BBB | AW22: BBB | AX22: 5 | AZ22: AAA | BA22: =(P22-O22) -> 44 | BC22: No | BG22: AAA | BH22: BBB | BI22: BBB | BJ22: BBB | BK22: BBB | BL22: BBB | BM22: BBB | BN22: BBB | BO22: BBB | BP22: 5 | BQ22: 4 | BR22: 10 | BS22: 50 | BT22: 1 | BU22: 1 | BV22: 1 | BW22: 3 | BX22: 4 | BY22: 3 | BZ22: 5 | CA22: 1 | CB22: 1 | CC22: 1 | CD22: 1 | CE22: 1 | CF22: 1 | CG22: 1 | CH22: 6 | CI22: 4 | CJ22: 4 | CK22: 6 | CL22: 2 | CM22: 4 | CN22: 2 | CO22: 5 | CP22: 2 | CQ22: 3 | CR22: 3 | CS22: 5 | CT22: 5 | CU22: 6 | CV22: 4 | CW22: 2 | CX22: =SUM(Foglio1!$BT22:$CW22) -> 88 | CY22: =SUM(Foglio1!$BT22+Foglio1!$BV22+Foglio1!$CP22+Foglio1!$BY22+Foglio1!$BX22+Foglio1!$CH22+Foglio1!$CS22+Foglio1!$CW22-Foglio1!$CE22) -> 23 | CZ22: =SUM(Foglio1!$CF22+Foglio1!$CA22+Foglio1!$CB22+Foglio1!$CD22+Foglio1!$CN22+Foglio1!$CC22+Foglio1!$CW22+Foglio1!$CO22+Foglio1!$CT22-Foglio1!$BU22) -> 18 | DA22: =SUM(Foglio1!$CG22+Foglio1!$CR22+Foglio1!$CQ22+Foglio1!$BU22+Foglio1!$CE22+Foglio1!$CL22+Foglio1!$CS22+Foglio1!$CT22+Foglio1!$CV22+Foglio1!$CP22) -> 27 | DB22: =SUM(Foglio1!$CU22+Foglio1!$BW22+Foglio1!$BZ22+Foglio1!$CO22+Foglio1!$BX22+Foglio1!$CC22+Foglio1!$CK22+Foglio1!$CW22) -> 32 | DC22: =SUM(Foglio1!$CI22+Foglio1!$CM22+Foglio1!$CJ22+Foglio1!$CK22+Foglio1!$BY22+Foglio1!$CH22+Foglio1!$CV22+Foglio1!$CW22) -> 33 | DD22: 2 | DE22: 0 | DF22: 0 | DG22: 0 | DH22: 0 | DI22: CCC | DJ22: 0 | DK22: 0 | DL22: 1 | DM22: 0 | DN22: 0 | DO22: 0 | DP22: 0 | DQ22: 0 | DR22: 0 | DS22: 0 | DT22: 0 | DU22: CCC | DV22: 1 | DW22: 0 | DX22: CCC | DY22: 2 | DZ22: 4 | EA22: 0 | EB22: 3 | EC22: 0 | ED22: 4 | EE22: 4 | EF22: 0 | EG22: 4 | EH22: =(Foglio1!$DE22+Foglio1!$DH22+Foglio1!$DG22+Foglio1!$DF22+Foglio1!$DM22+Foglio1!$DD22+Foglio1!$DO22+Foglio1!$DL22+Foglio1!$DN22+Foglio1!$DQ22+Foglio1!$DP22+Foglio1!$DT22+Foglio1!$DI22+Foglio1!$DK22+Foglio1!$DU22) -> #VALUE! | EI22: =(Foglio1!$EA22+Foglio1!$EB22+Foglio1!$EE22+Foglio1!$EC22+Foglio1!$ED22+Foglio1!$DZ22+Foglio1!$DY22) -> 17 | EJ22: =(Foglio1!$DW22+Foglio1!$DV22+Foglio1!$DX22) -> #VALUE! | EK22: =(Foglio1!$EG22+Foglio1!$EF22) -> 4 | EL22: CCC | EM22: CCC | EN22: CCC | EO22: CCC | EP22: CCC | EQ22: CCC | ER22: CCC | ES22: CCC | ET22: CCC | EU22: CCC | EV22: CCC | EW22: CCC | EX22: CCC | EY22: =(Foglio1!$EQ22+Foglio1!$ER22+Foglio1!$ES22+Foglio1!$ET22+Foglio1!$EV22+Foglio1!$EX22)/6 -> #VALUE! | EZ22: CCC | FA22: CCC | FB22: CCC | FC22: =(Foglio1!$EZ22+Foglio1!$FA22+Foglio1!$FB22)/3 -> #VALUE! | FD22: CCC | FE22: CCC | FF22: =(Foglio1!$FD22+Foglio1!$FE22)/2 -> #VALUE! | FG22: CCC | FH22: CCC | FI22: CCC | FJ22: CCC | FK22: CCC | FL22: CCC | FM22: =(Foglio1!$FH22+Foglio1!$FJ22+Foglio1!$FL22)/3 -> #VALUE! | FN22: =(Foglio1!$EP22) -> CCC | FO22: =(Foglio1!$EY22+Foglio1!$FC22+Foglio1!$FF22+Foglio1!$FM22)/4 -> #VALUE! | FP22: =(Foglio1!$EP22+Foglio1!$EY22+Foglio1!$FC22+Foglio1!$FF22+Foglio1!$FM22)/5 -> #VALUE! | FR22: BBB | FS22: BBB | FT22: BBB | FU22: BBB | FV22: BBB | FW22: BBB | FX22: BBB | FY22: 4 | FZ22: 3 | GA22: 7 | GB22: 58 | GC22: 1 | GD22: 1 | GE22: 2 | GF22: 2 | GG22: 2 | GH22: 3 | GI22: 1 | GJ22: 1 | GK22: 1 | GL22: 1 | GM22: 1 | GN22: 1 | GO22: 1 | GP22: 1 | GQ22: 3 | GR22: 3 | GS22: 3 | GT22: 4 | GU22: 1 | GV22: 3 | GW22: 1 | GX22: 2 | GY22: 1 | GZ22: 1 | HA22: 1 | HB22: 3 | HC22: 3 | HD22: 3 | HE22: 3 | HF22: 1 | HG22: =SUM(GC22:HF22) -> 55 | HH22: =SUM(GC22+GE22+GY22+GH22+GG22+GQ22+HB22+HF22-GN22) -> 15 | HI22: =SUM(GO22+GJ22+GK22+GM22+GW22+GL22+HF22+GX22+HC22-GD22) -> 11 | HJ22: =SUM(GP22+HA22+GZ22+GD22+GN22+GU22+HB22+HC22+HE22+GY22) -> 16 | HK22: =SUM(HD22+GF22+GI22+GX22+GG22+GL22+GT22+HF22) -> 16 | HL22: =SUM(GR22+GV22+GS22+GT22+GH22+GQ22+HE22+HF22) -> 23 | HM22: BBB | HN22: BBB | HO22: BBB | HP22: BBB | HQ22: BBB | HR22: BBB | HS22: BBB | HT22: BBB | HU22: BBB | HV22: BBB | HW22: BBB | HX22: BBB | HY22: BBB | HZ22: BBB | IA22: BBB | IB22: BBB | IC22: BBB | ID22: BBB | IE22: BBB | IF22: BBB | IG22: BBB | IH22: BBB | II22: BBB | IJ22: BBB | IK22: BBB | IL22: BBB | IM22: BBB | IN22: BBB | IO22: BBB | IP22: BBB | IQ22: BBB | IR22: BBB | IS22: BBB | IT22: BBB | IU22: AAA | IV22: AAA | IW22: AAA | IX22: AAA | IY22: BBB | IZ22: BBB | JA22: BBB | JB22: BBB | JC22: BBB | JD22: BBB | JE22: BBB | JF22: BBB | JG22: BBB | JH22: BBB | JI22: BBB | JJ22: BBB | JK22: BBB | JL22: BBB | JM22: BBB | JN22: BBB | JO22: BBB | JP22: BBB | JQ22: BBB | JR22: BBB | JS22: BBB | JT22: BBB | JU22: BBB | JV22: BBB | JW22: BBB | JX22: BBB | JY22: BBB | JZ22: BBB | KA22: BBB | KB22: BBB | KC22: BBB | KD22: BBB | KE22: BBB | KF22: BBB | KG22: BBB | KH22: BBB | KI22: BBB | KJ22: BBB | KK22: BBB | KL22: BBB | KM22: BBB | KN22: BBB | KO22: BBB | KP22: BBB | KQ22: BBB | KR22: BBB | KS22: BBB | KT22: BBB | KU22: BBB | KV22: BBB | KW22: BBB | KX22: BBB | KY22: BBB | KZ22: BBB | LA22: BBB | LB22: BBB | LC22: BBB | LD22: BBB | LE22: BBB | LF22: BBB | LG22: BBB | LH22: BBB | LI22: BBB | LJ22: BBB | LK22: BBB | LL22: BBB | LM22: BBB | LN22: BBB | LO22: BBB | LP22: BBB | LQ22: BBB | LR22: BBB | LS22: BBB | LT22: BBB | LU22: BBB | LV22: BBB | LW22: BBB | LX22: BBB | LY22: BBB | LZ22: 0 | MA22: 0 | MB22: 3 | MC22: 0 | MD22: =SUM(LZ22:MC22) -> 3 | ME22: 0 | MF22: 0 | MG22: 0 | MH22: 0 | MI22: =SUM(ME22:MH22) -> 0
A23: 257fd8c5953c570b | B23: 25 | C23: F | D23: 13 | E23: 0 | F23: No | G23: BBB | H23: 296.22 Depressione maggiore, episodio singolo, moderato | I23: 296.22 Depressione maggiore, episodio singolo, moderato | J23: 301.83 Disturbo di personalita' borderline | L23: 301.83 Disturbo di personalita' borderline | M23: Affective disorders | N23: Ideazione autolesiva | O23: 45855 | P23: 45890 | Q23: Disturbo di personalità borderline | S23: Aripiprazolo | T23: No | V23: Aripiprazolo | W23: Citalopram | X23: Delorazepam | AH23: Aripiprazolo | AI23: 15 mg ore 20 | AJ23: Citalopram | AK23: 20 mg ore 20 | AL23: BBB | AM23: BBB | AN23: BBB | AO23: BBB | AP23: BBB | AQ23: BBB | AR23: BBB | AS23: BBB | AT23: BBB | AU23: BBB | AV23: BBB | AW23: BBB | AX23: 2 | AZ23: AAA | BA23: =(P23-O23) -> 35 | BC23: No | BG23: 45867 | BH23: BBB | BI23: BBB | BJ23: BBB | BK23: BBB | BL23: BBB | BM23: BBB | BN23: BBB | BO23: BBB | BP23: 4 | BQ23: 4 | BR23: 7 | BS23: 51 | BT23: 1 | BU23: 1 | BV23: 1 | BW23: 1 | BX23: 2 | BY23: 1 | BZ23: 1 | CA23: 2 | CB23: 2 | CC23: 3 | CD23: 2 | CE23: 2 | CF23: 1 | CG23: 1 | CH23: 2 | CI23: 4 | CJ23: 4 | CK23: 4 | CL23: 1 | CM23: 3 | CN23: 1 | CO23: 1 | CP23: 2 | CQ23: 2 | CR23: 3 | CS23: 3 | CT23: 3 | CU23: 4 | CV23: 3 | CW23: 2 | CX23: =SUM(Foglio1!$BT23:$CW23) -> 63 | CY23: =SUM(Foglio1!$BT23+Foglio1!$BV23+Foglio1!$CP23+Foglio1!$BY23+Foglio1!$BX23+Foglio1!$CH23+Foglio1!$CS23+Foglio1!$CW23-Foglio1!$CE23) -> 12 | CZ23: =SUM(Foglio1!$CF23+Foglio1!$CA23+Foglio1!$CB23+Foglio1!$CD23+Foglio1!$CN23+Foglio1!$CC23+Foglio1!$CW23+Foglio1!$CO23+Foglio1!$CT23-Foglio1!$BU23) -> 16 | DA23: =SUM(Foglio1!$CG23+Foglio1!$CR23+Foglio1!$CQ23+Foglio1!$BU23+Foglio1!$CE23+Foglio1!$CL23+Foglio1!$CS23+Foglio1!$CT23+Foglio1!$CV23+Foglio1!$CP23) -> 21 | DB23: =SUM(Foglio1!$CU23+Foglio1!$BW23+Foglio1!$BZ23+Foglio1!$CO23+Foglio1!$BX23+Foglio1!$CC23+Foglio1!$CK23+Foglio1!$CW23) -> 18 | DC23: =SUM(Foglio1!$CI23+Foglio1!$CM23+Foglio1!$CJ23+Foglio1!$CK23+Foglio1!$BY23+Foglio1!$CH23+Foglio1!$CV23+Foglio1!$CW23) -> 23 | DD23: 0 | DE23: 0 | DF23: 0 | DG23: 0 | DH23: 0 | DI23: 0 | DJ23: 0 | DK23: 0 | DL23: 0 | DM23: 0 | DN23: 0 | DO23: 0 | DP23: 0 | DQ23: 0 | DR23: 0 | DS23: 0 | DT23: 0 | DU23: 0 | DV23: 0 | DW23: 0 | DX23: 0 | DY23: 3 | DZ23: 0 | EA23: 3 | EB23: 0 | EC23: 3 | ED23: 2 | EE23: 3 | EF23: 3 | EG23: 3 | EH23: =(Foglio1!$DE23+Foglio1!$DH23+Foglio1!$DG23+Foglio1!$DF23+Foglio1!$DM23+Foglio1!$DD23+Foglio1!$DO23+Foglio1!$DL23+Foglio1!$DN23+Foglio1!$DQ23+Foglio1!$DP23+Foglio1!$DT23+Foglio1!$DI23+Foglio1!$DK23+Foglio1!$DU23) -> 0 | EI23: =(Foglio1!$EA23+Foglio1!$EB23+Foglio1!$EE23+Foglio1!$EC23+Foglio1!$ED23+Foglio1!$DZ23+Foglio1!$DY23) -> 14 | EJ23: =(Foglio1!$DW23+Foglio1!$DV23+Foglio1!$DX23) -> 0 | EK23: =(Foglio1!$EG23+Foglio1!$EF23) -> 6 | EL23: 1 | EM23: 1 | EN23: 1 | EO23: 1 | EP23: {=SUM(EL23:EO23/4)} -> 1 | EQ23: 1 | ER23: 1 | ES23: 1 | ET23: 1 | EU23: AAA | EV23: 1 | EW23: AAA | EX23: 1 | EY23: =(Foglio1!$EQ23+Foglio1!$ER23+Foglio1!$ES23+Foglio1!$ET23+Foglio1!$EV23+Foglio1!$EX23)/6 -> 1 | EZ23: 1 | FA23: 1 | FB23: 0 | FC23: =(Foglio1!$EZ23+Foglio1!$FA23+Foglio1!$FB23)/3 -> 0.66666667 | FD23: 1 | FE23: 0 | FF23: =(Foglio1!$FD23+Foglio1!$FE23)/2 -> 0.5 | FG23: AAA | FH23: 0 | FI23: AAA | FJ23: 0 | FK23: AAA | FL23: 1 | FM23: =(Foglio1!$FH23+Foglio1!$FJ23+Foglio1!$FL23)/3 -> 0.33333333 | FN23: =(Foglio1!$EP23) -> 1 | FO23: =(Foglio1!$EY23+Foglio1!$FC23+Foglio1!$FF23+Foglio1!$FM23)/4 -> 0.625 | FP23: =(Foglio1!$EP23+Foglio1!$EY23+Foglio1!$FC23+Foglio1!$FF23+Foglio1!$FM23)/5 -> 0.7 | FR23: BBB | FS23: BBB | FT23: BBB | FU23: BBB | FV23: BBB | FW23: BBB | FX23: BBB | FY23: 3 | FZ23: 2 | GA23: 2 | GB23: 70 | GC23: 1 | GD23: 1 | GE23: 1 | GF23: 1 | GG23: 1 | GH23: 1 | GI23: 2 | GJ23: 2 | GK23: 2 | GL23: 2 | GM23: 1 | GN23: 1 | GO23: 1 | GP23: 1 | GQ23: 2 | GR23: 2 | GS23: 2 | GT23: 1 | GU23: 1 | GV23: 2 | GW23: 1 | GX23: 1 | GY23: 1 | GZ23: 1 | HA23: 1 | HB23: 2 | HC23: 2 | HD23: 2 | HE23: 2 | HF23: 1 | HG23: =SUM(GC23:HF23) -> 42 | HH23: =SUM(GC23+GE23+GY23+GH23+GG23+GQ23+HB23+HF23-GN23) -> 9 | HI23: =SUM(GO23+GJ23+GK23+GM23+GW23+GL23+HF23+GX23+HC23-GD23) -> 12 | HJ23: =SUM(GP23+HA23+GZ23+GD23+GN23+GU23+HB23+HC23+HE23+GY23) -> 13 | HK23: =SUM(HD23+GF23+GI23+GX23+GG23+GL23+GT23+HF23) -> 11 | HL23: =SUM(GR23+GV23+GS23+GT23+GH23+GQ23+HE23+HF23) -> 13 | HM23: BBB | HN23: BBB | HO23: BBB | HP23: BBB | HQ23: BBB | HR23: BBB | HS23: BBB | HT23: BBB | HU23: BBB | HV23: BBB | HW23: BBB | HX23: BBB | HY23: BBB | HZ23: BBB | IA23: BBB | IB23: BBB | IC23: BBB | ID23: BBB | IE23: BBB | IF23: BBB | IG23: BBB | IH23: BBB | II23: BBB | IJ23: BBB | IK23: BBB | IL23: BBB | IM23: BBB | IN23: BBB | IO23: BBB | IP23: BBB | IQ23: BBB | IR23: BBB | IS23: BBB | IT23: BBB | IU23: AAA | IV23: AAA | IW23: AAA | IX23: AAA | IY23: BBB | IZ23: BBB | JA23: BBB | JB23: BBB | JC23: BBB | JD23: BBB | JE23: BBB | JF23: BBB | JG23: BBB | JH23: BBB | JI23: BBB | JJ23: BBB | JK23: BBB | JL23: BBB | JM23: BBB | JN23: BBB | JO23: BBB | JP23: BBB | JQ23: BBB | JR23: BBB | JS23: BBB | JT23: BBB | JU23: BBB | JV23: BBB | JW23: BBB | JX23: BBB | JY23: BBB | JZ23: BBB | KA23: BBB | KB23: BBB | KC23: BBB | KD23: BBB | KE23: BBB | KF23: BBB | KG23: BBB | KH23: BBB | KI23: BBB | KJ23: BBB | KK23: BBB | KL23: BBB | KM23: BBB | KN23: BBB | KO23: BBB | KP23: BBB | KQ23: BBB | KR23: BBB | KS23: BBB | KT23: BBB | KU23: BBB | KV23: BBB | KW23: BBB | KX23: BBB | KY23: BBB | KZ23: BBB | LA23: BBB | LB23: BBB | LC23: BBB | LD23: BBB | LE23: BBB | LF23: BBB | LG23: BBB | LH23: BBB | LI23: BBB | LJ23: BBB | LK23: BBB | LL23: BBB | LM23: BBB | LN23: BBB | LO23: BBB | LP23: BBB | LQ23: BBB | LR23: BBB | LS23: BBB | LT23: BBB | LU23: BBB | LV23: BBB | LW23: BBB | LX23: BBB | LY23: BBB | LZ23: 0 | MA23: 0 | MB23: 1 | MC23: 1 | MD23: =SUM(LZ23:MC23) -> 2 | ME23: 0 | MF23: 0 | MG23: 0 | MH23: 1 | MI23: =SUM(ME23:MH23) -> 1
A24: f068d4282b71397f | B24: 19 | C24: F | D24: 8 | E24: 0 | F24: Yes | G24: BBB | H24: 296.22 Depressione maggiore, episodio singolo, moderato 301.83 Disturbo borderline di personalità | I24: (296.22) Depressione maggiore, episodio singolo, moderato | J24: (301.83) disturbo di personalità borderline | L24: 301.83 Disturbo borderline di personalità | M24: Affective disorders | N24: Idee autolesive | O24: 45592 | P24: 45600 | Q24: Disturbo di personalità borderline | AH24: Escitalopram | AI24: 5 mg ore 8 | AJ24: Olanzapina | AK24: 10 mg ore 20 | AL24: Delorazepam | AM24: 2 mg ore 22 | AN24: BBB | AO24: BBB | AP24: BBB | AQ24: BBB | AR24: BBB | AS24: BBB | AT24: BBB | AU24: BBB | AV24: BBB | AW24: BBB | AX24: 3 | AZ24: No | BA24: =(P24-O24) -> 8 | BG24: 45594 | BH24: BBB | BI24: BBB | BJ24: BBB | BK24: BBB | BL24: BBB | BM24: BBB | BN24: BBB | BO24: BBB | BP24: 4 | BQ24: 4 | BR24: 10 | BS24: 50 | BT24: 1 | BU24: 1 | BV24: 1 | BW24: 2 | BX24: 2 | BY24: 3 | BZ24: 3 | CA24: 1 | CB24: 1 | CC24: 1 | CD24: 1 | CE24: 1 | CF24: 1 | CG24: 1 | CH24: 2 | CI24: 2 | CJ24: 3 | CK24: 3 | CL24: 1 | CM24: 3 | CN24: 1 | CO24: 1 | CP24: 1 | CQ24: 1 | CR24: 1 | CS24: 2 | CT24: 3 | CU24: 3 | CV24: 3 | CW24: 2 | CX24: =SUM(Foglio1!$BT24:$CW24) -> 52 | CY24: =SUM(Foglio1!$BT24+Foglio1!$BV24+Foglio1!$CP24+Foglio1!$BY24+Foglio1!$BX24+Foglio1!$CH24+Foglio1!$CS24+Foglio1!$CW24-Foglio1!$CE24) -> 13 | CZ24: =SUM(Foglio1!$CF24+Foglio1!$CA24+Foglio1!$CB24+Foglio1!$CD24+Foglio1!$CN24+Foglio1!$CC24+Foglio1!$CW24+Foglio1!$CO24+Foglio1!$CT24-Foglio1!$BU24) -> 11 | DA24: =SUM(Foglio1!$CG24+Foglio1!$CR24+Foglio1!$CQ24+Foglio1!$BU24+Foglio1!$CE24+Foglio1!$CL24+Foglio1!$CS24+Foglio1!$CT24+Foglio1!$CV24+Foglio1!$CP24) -> 15 | DB24: =SUM(Foglio1!$CU24+Foglio1!$BW24+Foglio1!$BZ24+Foglio1!$CO24+Foglio1!$BX24+Foglio1!$CC24+Foglio1!$CK24+Foglio1!$CW24) -> 17 | DC24: =SUM(Foglio1!$CI24+Foglio1!$CM24+Foglio1!$CJ24+Foglio1!$CK24+Foglio1!$BY24+Foglio1!$CH24+Foglio1!$CV24+Foglio1!$CW24) -> 21 | DD24: 0 | DE24: 0 | DF24: 0 | DG24: 0 | DH24: 0 | DI24: 0 | DJ24: 0 | DK24: 0 | DL24: 1 | DM24: 0 | DN24: 0 | DO24: 0 | DP24: 0 | DQ24: 0 | DR24: 0 | DS24: 0 | DT24: 0 | DU24: 0 | DV24: 0 | DW24: 0 | DX24: 0 | DY24: 3 | DZ24: 3 | EA24: 0 | EB24: 0 | EC24: 2 | ED24: 3 | EE24: 3 | EF24: 3 | EG24: 3 | EH24: =(Foglio1!$DE24+Foglio1!$DH24+Foglio1!$DG24+Foglio1!$DF24+Foglio1!$DM24+Foglio1!$DD24+Foglio1!$DO24+Foglio1!$DL24+Foglio1!$DN24+Foglio1!$DQ24+Foglio1!$DP24+Foglio1!$DT24+Foglio1!$DI24+Foglio1!$DK24+Foglio1!$DU24) -> 1 | EI24: =(Foglio1!$EA24+Foglio1!$EB24+Foglio1!$EE24+Foglio1!$EC24+Foglio1!$ED24+Foglio1!$DZ24+Foglio1!$DY24) -> 14 | EJ24: =(Foglio1!$DW24+Foglio1!$DV24+Foglio1!$DX24) -> 0 | EK24: =(Foglio1!$EG24+Foglio1!$EF24) -> 6 | EL24: 1 | EM24: 1 | EN24: 1 | EO24: 1 | EP24: {=SUM(EL24:EO24/4)} -> 1 | EQ24: 1 | ER24: 0 | ES24: 0 | ET24: 1 | EU24: È una frase ironica. Vuol dire che è proprio il contrario. | EV24: 1 | EW24: Cioè che agisca sul fatto che ci siano cinghiali in giro per la città | EX24: 1 | EY24: =(Foglio1!$EQ24+Foglio1!$ER24+Foglio1!$ES24+Foglio1!$ET24+Foglio1!$EV24+Foglio1!$EX24)/6 -> 0.66666667 | EZ24: 1 | FA24: 1 | FB24: 1 | FC24: =(Foglio1!$EZ24+Foglio1!$FA24+Foglio1!$FB24)/3 -> 1 | FD24: 1 | FE24: 1 | FF24: =(Foglio1!$FD24+Foglio1!$FE24)/2 -> 1 | FG24: significa che sono ricche di conoscenza che comunque è molto importante, come se fosse oro | FH24: 1 | FI24: se dai tante occasioni a una persona, di conseguenza se ne approfitta | FJ24: 1 | FK24: non si vive solo grazie alle cose materiali | FL24: 1 | FM24: =(Foglio1!$FH24+Foglio1!$FJ24+Foglio1!$FL24)/3 -> 1 | FN24: =(Foglio1!$EP24) -> 1 | FO24: =(Foglio1!$EY24+Foglio1!$FC24+Foglio1!$FF24+Foglio1!$FM24)/4 -> 0.91666667 | FP24: =(Foglio1!$EP24+Foglio1!$EY24+Foglio1!$FC24+Foglio1!$FF24+Foglio1!$FM24)/5 -> 0.93333333 | FQ24: 45600 | FR24: BBB | FS24: BBB | FT24: BBB | FU24: BBB | FV24: BBB | FW24: BBB | FX24: BBB | FY24: 2 | FZ24: 3 | GA24: 6 | GB24: 61 | GC24: 0 | GD24: 0 | GE24: 0 | GF24: 1 | GG24: 1 | GH24: 1 | GI24: 1 | GJ24: 0 | GK24: 0 | GL24: 0 | GM24: 1 | GN24: 0 | GO24: 0 | GP24: 0 | GQ24: 1 | GR24: 1 | GS24: 1 | GT24: 2 | GU24: 0 | GV24: 2 | GW24: 0 | GX24: 0 | GY24: 1 | GZ24: 0 | HA24: 0 | HB24: 1 | HC24: 1 | HD24: 1 | HE24: 1 | HF24: 1 | HG24: =SUM(GC24:HF24) -> 18 | HH24: =SUM(GC24+GE24+GY24+GH24+GG24+GQ24+HB24+HF24-GN24) -> 6 | HI24: =SUM(GO24+GJ24+GK24+GM24+GW24+GL24+HF24+GX24+HC24-GD24) -> 3 | HJ24: =SUM(GP24+HA24+GZ24+GD24+GN24+GU24+HB24+HC24+HE24+GY24) -> 4 | HK24: =SUM(HD24+GF24+GI24+GX24+GG24+GL24+GT24+HF24) -> 7 | HL24: =SUM(GR24+GV24+GS24+GT24+GH24+GQ24+HE24+HF24) -> 10 | HM24: 0 | HN24: 0 | HO24: 0 | HP24: 0 | HQ24: 0 | HR24: 2 | HS24: 0 | HT24: 0 | HU24: 0 | HV24: 0 | HW24: 0 | HX24: 0 | HY24: 0 | HZ24: 0 | IA24: 0 | IB24: 0 | IC24: 0 | ID24: 0 | IE24: 0 | IF24: 0 | IG24: 2 | IH24: 2 | II24: 4 | IJ24: 3 | IK24: 4 | IL24: 0 | IM24: 0 | IN24: 4 | IO24: 4 | IP24: 3 | IQ24: =SUM(HN24+HQ24+HP24+HO24+HV24+HM24+HX24+HU24+HW24+HZ24+HY24+IC24+HR24+HT24+ID24) -> 2 | IR24: =SUM(IJ24+IK24+IN24+IL24+IM24+II24+IH24) -> 17 | IS24: =SUM(IF24+IE24+IG24) -> 2 | IT24: =SUM(IP24+IO24) -> 7 | IU24: AAA | IV24: AAA | IW24: AAA | IX24: AAA | IY24: 0 | IZ24: 1 | JA24: 1 | JB24: 1 | JC24: =(Foglio1!$IY24+Foglio1!$IZ24+Foglio1!$JA24+Foglio1!$JB24)/4 -> 0.75 | JD24: 1 | JE24: 0 | JF24: 1 | JG24: 1 | JH24: è una bellezza unica e un'importanza unica da non svalutare | JI24: 1 | JJ24: ci sono più dipendenti disposti a lavorare e quindi si risolve il problema della disoccupazione | JK24: 0 | JL24: =(Foglio1!$JD24+Foglio1!$JE24+Foglio1!$JF24+Foglio1!$JG24+Foglio1!$JI24+Foglio1!$JK24)/6 -> 0.66666667 | JM24: 1 | JN24: 1 | JO24: 1 | JP24: =(Foglio1!$JM24+Foglio1!$JN24+Foglio1!$JO24)/3 -> 1 | JQ24: 0 | JR24: 0 | JS24: =(Foglio1!$JQ24+Foglio1!$JR24)/2 -> 0 | JT24: Che stanno sempre in mezzo, cioè che sono sempre a girare intorno alle persone famose | JU24: 0 | JV24: Che non sempre le persone che appaiono cattive siano veramente cattive | JW24: 1 | JX24: in ogni situazione positiva c'è sempre una parte negativa | JY24: 1 | JZ24: =(Foglio1!$JU24+Foglio1!$JW24+Foglio1!$JY24)/3 -> 0.66666667 | KA24: =(Foglio1!$JC24) -> 0.75 | KB24: =(Foglio1!$JL24+Foglio1!$JP24+Foglio1!$JS24+Foglio1!$JZ24)/4 -> 0.58333333 | KC24: =(Foglio1!$JC24+Foglio1!$JL24+Foglio1!$JP24+Foglio1!$JS24+Foglio1!$JZ24)/5 -> 0.61666667 | KD24: sono facilmente influenzabili | KE24: 0 | KF24: 3 | KG24: molto pungenti | KH24: 1 | KI24: 2 | KJ24: sono un aiuto per la madre o il padre | KK24: 2 | KL24: 2 | KM24: ha un vestito molto gonfio, sembra una nuvola | KN24: 2 | KO24: 1 | KP24: ti aiutano a restare attaccato alla realtà, cioè ti aiutano | KQ24: 2 | KR24: 2 | KS24: lenti e vecchi. Longevi | KT24: 2 | KU24: 1 | KV24: Vuol dire che ha un occhio nero | KW24: 2 | KX24: 1 | KY24: volano molto con la fantasia | KZ24: 2 | LA24: 3 | LB24: hanno una voce molto soave | LC24: 2 | LD24: 1 | LE24: hanno creato i nostri genitori che i nostri genitori hanno creato noi quindi loro sono i pilastri | LF24: 0 | LG24: 2 | LH24: sempre sull'attenti e che stanno sempre al sole | LI24: 2 | LJ24: 1 | LK24: si vantano troppo del loro potere | LL24: 2 | LM24: 3 | LN24: hanno la pelle molto morbida | LO24: 2 | LP24: 1 | LQ24: Che ti ispirano molto | LR24: 1 | LS24: 2 | LT24: =(Foglio1!$KE24+Foglio1!$KH24+Foglio1!$KK24+Foglio1!$KN24+Foglio1!$KQ24+Foglio1!$KT24+Foglio1!$KW24+Foglio1!$KZ24+Foglio1!$LC24+Foglio1!$LF24+Foglio1!$LI24+Foglio1!$LL24+Foglio1!$LO24+Foglio1!$LR24) -> 22 | LU24: =(Foglio1!$KI24+Foglio1!$KF24+Foglio1!$KL24+Foglio1!$KO24+Foglio1!$KR24+Foglio1!$KU24+Foglio1!$KX24+Foglio1!$LA24+Foglio1!$LD24+Foglio1!$LG24+Foglio1!$LJ24+Foglio1!$LM24+Foglio1!$LP24+Foglio1!$LS24) -> 25 | LV24: 32 | LW24: 45 | LX24: 20 | LY24: 28 | LZ24: 0 | MA24: 2 | MB24: 1 | MC24: 4 | MD24: =SUM(LZ24:MC24) -> 7 | ME24: 0 | MF24: 0 | MG24: 0 | MH24: 0 | MI24: =SUM(ME24:MH24) -> 0
A25: 251c4c130c82db77 | B25: 29 | C25: M | D25: 13 | E25: 0 | F25: No | G25: BBB | H25: 296.44 - Sindrome affettiva bipolare, episodio maniacale, grave, con comportamento psicotico | I25: 296.44 - Sindrome affettiva bipolare, episodio maniacale, grave, con comportamento psicotico | L25: BBB | M25: Affective disorders | N25: Scompenso psicotico in disturbo bipolare I | O25: 45894 | P25: 45918 | Q25: Disturbo bipolare I | T25: No | V25: Risperidone | W25: Olanzapina | X25: Paliperidone | Y25: Litio solfato | Z25: Delorazepam | AA25: Flurazepam | AH25: Litio solfato | AI25: 332 mg ore 20 | AJ25: Paliperidone | AK25: 3 mg ore 20 | AL25: BBB | AM25: BBB | AN25: BBB | AO25: BBB | AP25: BBB | AQ25: BBB | AR25: BBB | AS25: BBB | AT25: BBB | AU25: BBB | AV25: BBB | AW25: BBB | AX25: 2 | AZ25: AAA | BA25: =(P25-O25) -> 24 | BC25: No | BG25: AAA | BH25: 4 | BI25: 3 | BJ25: 4 | BK25: 3 | BL25: 4 | BM25: 3 | BN25: 3 | BO25: =SUM(Foglio1!$BH40:$BM40) -> 0 | BP25: 5 | BQ25: 4 | BR25: 11 | BS25: 55 | BT25: 5 | BU25: 5 | BV25: 3 | BW25: 4 | BX25: 4 | BY25: 5 | BZ25: 2 | CA25: 3 | CB25: 2 | CC25: 2 | CD25: 2 | CE25: 2 | CF25: 1 | CG25: 2 | CH25: 3 | CI25: 3 | CJ25: 2 | CK25: 2 | CL25: 2 | CM25: 4 | CN25: 3 | CO25: 2 | CP25: 5 | CQ25: 3 | CR25: 3 | CS25: 4 | CT25: 4 | CU25: 2 | CV25: 4 | CW25: 5 | CX25: =SUM(Foglio1!$BT25:$CW25) -> 93 | CY25: =SUM(Foglio1!$BT25+Foglio1!$BV25+Foglio1!$CP25+Foglio1!$BY25+Foglio1!$BX25+Foglio1!$CH25+Foglio1!$CS25+Foglio1!$CW25-Foglio1!$CE25) -> 32 | CZ25: =SUM(Foglio1!$CF25+Foglio1!$CA25+Foglio1!$CB25+Foglio1!$CD25+Foglio1!$CN25+Foglio1!$CC25+Foglio1!$CW25+Foglio1!$CO25+Foglio1!$CT25-Foglio1!$BU25) -> 19 | DA25: =SUM(Foglio1!$CG25+Foglio1!$CR25+Foglio1!$CQ25+Foglio1!$BU25+Foglio1!$CE25+Foglio1!$CL25+Foglio1!$CS25+Foglio1!$CT25+Foglio1!$CV25+Foglio1!$CP25) -> 34 | DB25: =SUM(Foglio1!$CU25+Foglio1!$BW25+Foglio1!$BZ25+Foglio1!$CO25+Foglio1!$BX25+Foglio1!$CC25+Foglio1!$CK25+Foglio1!$CW25) -> 23 | DC25: =SUM(Foglio1!$CI25+Foglio1!$CM25+Foglio1!$CJ25+Foglio1!$CK25+Foglio1!$BY25+Foglio1!$CH25+Foglio1!$CV25+Foglio1!$CW25) -> 28 | DD25: 0 | DE25: 0 | DF25: 2 | DG25: 2 | DH25: 0 | DI25: 0 | DJ25: 0 | DK25: 0 | DL25: 0 | DM25: 0 | DN25: 0 | DO25: 0 | DP25: 0 | DQ25: 0 | DR25: 0 | DS25: 0 | DT25: 1 | DU25: 0 | DV25: 0 | DW25: 1 | DX25: 0 | DY25: 1 | DZ25: 0 | EA25: 0 | EB25: 3 | EC25: 1 | ED25: 0 | EE25: 2 | EF25: 4 | EG25: 1 | EH25: =(Foglio1!$DE25+Foglio1!$DH25+Foglio1!$DG25+Foglio1!$DF25+Foglio1!$DM25+Foglio1!$DD25+Foglio1!$DO25+Foglio1!$DL25+Foglio1!$DN25+Foglio1!$DQ25+Foglio1!$DP25+Foglio1!$DT25+Foglio1!$DI25+Foglio1!$DK25+Foglio1!$DU25) -> 5 | EI25: =(Foglio1!$EA25+Foglio1!$EB25+Foglio1!$EE25+Foglio1!$EC25+Foglio1!$ED25+Foglio1!$DZ25+Foglio1!$DY25) -> 7 | EJ25: =(Foglio1!$DW25+Foglio1!$DV25+Foglio1!$DX25) -> 1 | EK25: =(Foglio1!$EG25+Foglio1!$EF25) -> 5 | EL25: 1 | EM25: 1 | EN25: 1 | EO25: 1 | EP25: {=SUM(EL25:EO25/4)} -> 1 | EQ25: 1 | ER25: 0 | ES25: 1 | ET25: 0 | EU25: AAA | EV25: 1 | EW25: AAA | EX25: 1 | EY25: =(Foglio1!$EQ25+Foglio1!$ER25+Foglio1!$ES25+Foglio1!$ET25+Foglio1!$EV25+Foglio1!$EX25)/6 -> 0.66666667 | EZ25: 1 | FA25: 1 | FB25: 1 | FC25: =(Foglio1!$EZ25+Foglio1!$FA25+Foglio1!$FB25)/3 -> 1 | FD25: 0 | FE25: 1 | FF25: =(Foglio1!$FD25+Foglio1!$FE25)/2 -> 0.5 | FG25: AAA | FH25: 1 | FI25: AAA | FJ25: 0 | FK25: AAA | FL25: 0 | FM25: =(Foglio1!$FH25+Foglio1!$FJ25+Foglio1!$FL25)/3 -> 0.33333333 | FN25: =(Foglio1!$EP25) -> 1 | FO25: =(Foglio1!$EY25+Foglio1!$FC25+Foglio1!$FF25+Foglio1!$FM25)/4 -> 0.625 | FP25: =(Foglio1!$EP25+Foglio1!$EY25+Foglio1!$FC25+Foglio1!$FF25+Foglio1!$FM25)/5 -> 0.7 | FR25: 3 | FS25: 2 | FT25: 3 | FU25: 3 | FV25: 2 | FW25: 2 | FX25: 3 | FY25: 3 | FZ25: 2 | GA25: 5 | GB25: 60 | GC25: 3 | GD25: 3 | GE25: 2 | GF25: 2 | GG25: 2 | GH25: 2 | GI25: 2 | GJ25: 2 | GK25: 2 | GL25: 3 | GM25: 2 | GN25: 2 | GO25: 2 | GP25: 2 | GQ25: 2 | GR25: 3 | GS25: 1 | GT25: 2 | GU25: 1 | GV25: 3 | GW25: 2 | GX25: 2 | GY25: 3 | GZ25: 1 | HA25: 1 | HB25: 2 | HC25: 1 | HD25: 1 | HE25: 3 | HF25: 2 | HG25: =SUM(GC25:HF25) -> 61 | HH25: =SUM(GC25+GE25+GY25+GH25+GG25+GQ25+HB25+HF25-GN25) -> 16 | HI25: =SUM(GO25+GJ25+GK25+GM25+GW25+GL25+HF25+GX25+HC25-GD25) -> 15 | HJ25: =SUM(GP25+HA25+GZ25+GD25+GN25+GU25+HB25+HC25+HE25+GY25) -> 19 | HK25: =SUM(HD25+GF25+GI25+GX25+GG25+GL25+GT25+HF25) -> 16 | HL25: =SUM(GR25+GV25+GS25+GT25+GH25+GQ25+HE25+HF25) -> 18 | HM25: BBB | HN25: BBB | HO25: BBB | HP25: BBB | HQ25: BBB | HR25: BBB | HS25: BBB | HT25: BBB | HU25: BBB | HV25: BBB | HW25: BBB | HX25: BBB | HY25: BBB | HZ25: BBB | IA25: BBB | IB25: BBB | IC25: BBB | ID25: BBB | IE25: BBB | IF25: BBB | IG25: BBB | IH25: BBB | II25: BBB | IJ25: BBB | IK25: BBB | IL25: BBB | IM25: BBB | IN25: BBB | IO25: BBB | IP25: BBB | IQ25: BBB | IR25: BBB | IS25: BBB | IT25: BBB | IU25: AAA | IV25: AAA | IW25: AAA | IX25: AAA | IY25: BBB | IZ25: BBB | JA25: BBB | JB25: BBB | JC25: BBB | JD25: BBB | JE25: BBB | JF25: BBB | JG25: BBB | JH25: BBB | JI25: BBB | JJ25: BBB | JK25: BBB | JL25: BBB | JM25: BBB | JN25: BBB | JO25: BBB | JP25: BBB | JQ25: BBB | JR25: BBB | JS25: BBB | JT25: BBB | JU25: BBB | JV25: BBB | JW25: BBB | JX25: BBB | JY25: BBB | JZ25: BBB | KA25: BBB | KB25: BBB | KC25: BBB | KD25: BBB | KE25: BBB | KF25: BBB | KG25: BBB | KH25: BBB | KI25: BBB | KJ25: BBB | KK25: BBB | KL25: BBB | KM25: BBB | KN25: BBB | KO25: BBB | KP25: BBB | KQ25: BBB | KR25: BBB | KS25: BBB | KT25: BBB | KU25: BBB | KV25: BBB | KW25: BBB | KX25: BBB | KY25: BBB | KZ25: BBB | LA25: BBB | LB25: BBB | LC25: BBB | LD25: BBB | LE25: BBB | LF25: BBB | LG25: BBB | LH25: BBB | LI25: BBB | LJ25: BBB | LK25: BBB | LL25: BBB | LM25: BBB | LN25: BBB | LO25: BBB | LP25: BBB | LQ25: BBB | LR25: BBB | LS25: BBB | LT25: BBB | LU25: BBB | LV25: BBB | LW25: BBB | LX25: BBB | LY25: BBB | LZ25: 0 | MA25: 2 | MB25: 1 | MC25: 4 | MD25: =SUM(LZ25:MC25) -> 7 | ME25: 0 | MF25: 1 | MG25: 0 | MH25: 1 | MI25: =SUM(ME25:MH25) -> 2
A26: ad33d13795dcd599 | B26: 66 | C26: F | D26: 8 | E26: 1 | F26: Yes | G26: Bizarre | H26: 296.22 Depressione maggiore, episodio singolo, moderato | I26: (295.72) disturbo schizoaffettivo, cronico | L26: 301.83 Disturbo borderline di personalità | M26: Affective disorders | N26: Scompenso psicotico | O26: 45589 | P26: 45603 | Q26: Disturbo delirante cronico | R26: disturbo schizoaffettivo | AH26: Olanzapina LAI | AI26: 400 mg/2 sett | AJ26: Quetiapina | AK26: 25 mg ore 20 | AL26: BBB | AM26: BBB | AN26: BBB | AO26: BBB | AP26: BBB | AQ26: BBB | AR26: BBB | AS26: BBB | AT26: BBB | AU26: BBB | AV26: BBB | AW26: BBB | AX26: 2 | AZ26: No | BA26: =(P26-O26) -> 14 | BG26: 45596 | BH26: 4 | BI26: 2 | BJ26: 4 | BK26: 4 | BL26: 3 | BM26: 4 | BN26: 1 | BO26: =SUM(Foglio1!$BH26:$BM26) -> 21 | BP26: 3 | BQ26: 3 | BR26: 6 | BS26: 51 | BT26: 5 | BU26: 2 | BV26: 2 | BW26: 1 | BX26: 2 | BY26: 4 | BZ26: 1 | CA26: 1 | CB26: 1 | CC26: 1 | CD26: 2 | CE26: 2 | CF26: 1 | CG26: 1 | CH26: 1 | CI26: 1 | CJ26: 1 | CK26: 1 | CL26: 1 | CM26: 1 | CN26: 1 | CO26: 1 | CP26: 4 | CQ26: 1 | CR26: 1 | CS26: 1 | CT26: 1 | CU26: 1 | CV26: 2 | CW26: 2 | CX26: =SUM(Foglio1!$BT26:$CW26) -> 47 | CY26: =SUM(Foglio1!$BT26+Foglio1!$BV26+Foglio1!$CP26+Foglio1!$BY26+Foglio1!$BX26+Foglio1!$CH26+Foglio1!$CS26+Foglio1!$CW26-Foglio1!$CE26) -> 19 | CZ26: =SUM(Foglio1!$CF26+Foglio1!$CA26+Foglio1!$CB26+Foglio1!$CD26+Foglio1!$CN26+Foglio1!$CC26+Foglio1!$CW26+Foglio1!$CO26+Foglio1!$CT26-Foglio1!$BU26) -> 9 | DA26: =SUM(Foglio1!$CG26+Foglio1!$CR26+Foglio1!$CQ26+Foglio1!$BU26+Foglio1!$CE26+Foglio1!$CL26+Foglio1!$CS26+Foglio1!$CT26+Foglio1!$CV26+Foglio1!$CP26) -> 16 | DB26: =SUM(Foglio1!$CU26+Foglio1!$BW26+Foglio1!$BZ26+Foglio1!$CO26+Foglio1!$BX26+Foglio1!$CC26+Foglio1!$CK26+Foglio1!$CW26) -> 10 | DC26: =SUM(Foglio1!$CI26+Foglio1!$CM26+Foglio1!$CJ26+Foglio1!$CK26+Foglio1!$BY26+Foglio1!$CH26+Foglio1!$CV26+Foglio1!$CW26) -> 13 | DD26: 3 | DE26: 3 | DF26: 3 | DG26: 2 | DH26: 3 | DI26: 0 | DJ26: 0 | DK26: 0 | DL26: 2 | DM26: 2 | DN26: 3 | DO26: 0 | DP26: 1 | DQ26: 2 | DR26: 0 | DS26: 0 | DT26: 0 | DU26: 3 | DV26: 0 | DW26: 0 | DX26: 0 | DY26: 0 | DZ26: 0 | EA26: 3 | EB26: 2 | EC26: 0 | ED26: 0 | EE26: 2 | EF26: 1 | EG26: 1 | EH26: =(Foglio1!$DE26+Foglio1!$DH26+Foglio1!$DG26+Foglio1!$DF26+Foglio1!$DM26+Foglio1!$DD26+Foglio1!$DO26+Foglio1!$DL26+Foglio1!$DN26+Foglio1!$DQ26+Foglio1!$DP26+Foglio1!$DT26+Foglio1!$DI26+Foglio1!$DK26+Foglio1!$DU26) -> 27 | EI26: =(Foglio1!$EA26+Foglio1!$EB26+Foglio1!$EE26+Foglio1!$EC26+Foglio1!$ED26+Foglio1!$DZ26+Foglio1!$DY26) -> 7 | EJ26: =(Foglio1!$DW26+Foglio1!$DV26+Foglio1!$DX26) -> 0 | EK26: =(Foglio1!$EG26+Foglio1!$EF26) -> 2 | EL26: 0 | EM26: 1 | EN26: 0 | EO26: 1 | EP26: {=SUM(EL26:EO26/4)} -> 0.5 | EQ26: 1 | ER26: 0 | ES26: 0 | ET26: 1 | EU26: non lo so | EV26: 0 | EW26: che vogliono eliminare i cinghiali | EX26: 0 | EY26: =(Foglio1!$EQ26+Foglio1!$ER26+Foglio1!$ES26+Foglio1!$ET26+Foglio1!$EV26+Foglio1!$EX26)/6 -> 0.33333333 | EZ26: 1 | FA26: 0 | FB26: 0 | FC26: =(Foglio1!$EZ26+Foglio1!$FA26+Foglio1!$FB26)/3 -> 0.33333333 | FD26: 1 | FE26: 0 | FF26: =(Foglio1!$FD26+Foglio1!$FE26)/2 -> 0.5 | FG26: Miniere di sapienza | FH26: 0 | FI26: se trova un anello qui uno se lo prende | FJ26: 0 | FK26: C'è mancanza di spiritualità | FL26: 0 | FM26: =(Foglio1!$FH26+Foglio1!$FJ26+Foglio1!$FL26)/3 -> 0 | FN26: =(Foglio1!$EP26) -> 0.5 | FO26: =(Foglio1!$EY26+Foglio1!$FC26+Foglio1!$FF26+Foglio1!$FM26)/4 -> 0.29166667 | FP26: =(Foglio1!$EP26+Foglio1!$EY26+Foglio1!$FC26+Foglio1!$FF26+Foglio1!$FM26)/5 -> 0.33333333 | FQ26: 45602 | FR26: 3 | FS26: 2 | FT26: 3 | FU26: 3 | FV26: 4 | FW26: 3 | FX26: 1 | FY26: 2 | FZ26: 3 | GA26: 5 | GB26: 55 | GC26: 4 | GD26: 1 | GE26: 0 | GF26: 0 | GG26: 1 | GH26: 2 | GI26: 1 | GJ26: 0 | GK26: 0 | GL26: 1 | GM26: 1 | GN26: 1 | GO26: 1 | GP26: 1 | GQ26: 0 | GR26: 2 | GS26: 0 | GT26: 0 | GU26: 0 | GV26: 0 | GW26: 1 | GX26: 1 | GY26: 4 | GZ26: 0 | HA26: 0 | HB26: 0 | HC26: 0 | HD26: 0 | HE26: 2 | HF26: 1 | HG26: =SUM(GC26:HF26) -> 25 | HH26: =SUM(GC26+GE26+GY26+GH26+GG26+GQ26+HB26+HF26-GN26) -> 11 | HI26: =SUM(GO26+GJ26+GK26+GM26+GW26+GL26+HF26+GX26+HC26-GD26) -> 5 | HJ26: =SUM(GP26+HA26+GZ26+GD26+GN26+GU26+HB26+HC26+HE26+GY26) -> 9 | HK26: =SUM(HD26+GF26+GI26+GX26+GG26+GL26+GT26+HF26) -> 5 | HL26: =SUM(GR26+GV26+GS26+GT26+GH26+GQ26+HE26+HF26) -> 7 | HM26: 3 | HN26: 4 | HO26: 4 | HP26: 2 | HQ26: 2 | HR26: 0 | HS26: 0 | HT26: 0 | HU26: 2 | HV26: 2 | HW26: 2 | HX26: 0 | HY26: 0 | HZ26: 2 | IA26: 0 | IB26: 0 | IC26: 2 | ID26: 0 | IE26: 0 | IF26: 0 | IG26: 2 | IH26: 3 | II26: 3 | IJ26: 3 | IK26: 4 | IL26: 0 | IM26: 0 | IN26: 3 | IO26: 1 | IP26: 0 | IQ26: =SUM(HN26+HQ26+HP26+HO26+HV26+HM26+HX26+HU26+HW26+HZ26+HY26+IC26+HR26+HT26+ID26) -> 25 | IR26: =SUM(IJ26+IK26+IN26+IL26+IM26+II26+IH26) -> 16 | IS26: =SUM(IF26+IE26+IG26) -> 2 | IT26: =SUM(IP26+IO26) -> 1 | IU26: AAA | IV26: AAA | IW26: AAA | IX26: AAA | IY26: 1 | IZ26: 0 | JA26: 1 | JB26: 1 | JC26: =(Foglio1!$IY26+Foglio1!$IZ26+Foglio1!$JA26+Foglio1!$JB26)/4 -> 0.75 | JD26: 1 | JE26: 1 | JF26: 1 | JG26: 1 | JH26: che ci sono cose preziose | JI26: 0 | JJ26: perché giù in meridione è molto alto il problema della disoccupazione | JK26: 0 | JL26: =(Foglio1!$JD26+Foglio1!$JE26+Foglio1!$JF26+Foglio1!$JG26+Foglio1!$JI26+Foglio1!$JK26)/6 -> 0.66666667 | JM26: 1 | JN26: 1 | JO26: 0 | JP26: =(Foglio1!$JM26+Foglio1!$JN26+Foglio1!$JO26)/3 -> 0.66666667 | JQ26: 0 | JR26: 1 | JS26: =(Foglio1!$JQ26+Foglio1!$JR26)/2 -> 0.5 | JT26: che danno notizie false | JU26: 0 | JV26: Io sono il can che abbaia | JW26: 0 | JX26: C'è più di una visione | JY26: 1 | JZ26: =(Foglio1!$JU26+Foglio1!$JW26+Foglio1!$JY26)/3 -> 0.33333333 | KA26: =(Foglio1!$JC26) -> 0.75 | KB26: =(Foglio1!$JL26+Foglio1!$JP26+Foglio1!$JS26+Foglio1!$JZ26)/4 -> 0.54166667 | KC26: =(Foglio1!$JC26+Foglio1!$JL26+Foglio1!$JP26+Foglio1!$JS26+Foglio1!$JZ26)/5 -> 0.58333333 | KD26: i giovani purtroppo poverini sono proprio sul'orlo del precipizio | KE26: 0 | KF26: 2 | KG26: non lo so | KH26: 0 | KI26: 0 | KJ26: mio figlio sarà il mio bastone della vecchiaia | KK26: 1 | KL26: 2 | KM26: non lo so | KN26: 0 | KO26: 0 | KP26: possono aiutarti | KQ26: 1 | KR26: 3 | KS26: sono rallentati | KT26: 2 | KU26: 1 | KV26: Ben messo | KW26: 1 | KX26: 1 | KY26: non capisco | KZ26: 0 | LA26: 0 | LB26: avere una bella voce | LC26: 2 | LD26: 1 | LE26: sai dove rifugiarti | LF26: 0 | LG26: 2 | LH26: non lo so | LI26: 0 | LJ26: 0 | LK26: Significa che non è vero | LL26: 0 | LM26: 0 | LN26: Che cambiano di mese in mese la fisionomia | LO26: 0 | LP26: 0 | LQ26: sono una luce su cui attingere | LR26: 0 | LS26: 2 | LT26: =(Foglio1!$KE26+Foglio1!$KH26+Foglio1!$KK26+Foglio1!$KN26+Foglio1!$KQ26+Foglio1!$KT26+Foglio1!$KW26+Foglio1!$KZ26+Foglio1!$LC26+Foglio1!$LF26+Foglio1!$LI26+Foglio1!$LL26+Foglio1!$LO26+Foglio1!$LR26) -> 7 | LU26: =(Foglio1!$KI26+Foglio1!$KF26+Foglio1!$KL26+Foglio1!$KO26+Foglio1!$KR26+Foglio1!$KU26+Foglio1!$KX26+Foglio1!$LA26+Foglio1!$LD26+Foglio1!$LG26+Foglio1!$LJ26+Foglio1!$LM26+Foglio1!$LP26+Foglio1!$LS26) -> 14 | LV26: 12 | LW26: 37 | LX26: 11 | LY26: 23 | LZ26: 9 | MA26: 8 | MB26: 4 | MC26: 3 | MD26: =SUM(LZ26:MC26) -> 24 | ME26: 1 | MF26: 5 | MG26: 4 | MH26: 1 | MI26: =SUM(ME26:MH26) -> 11
A27: b41b475007fbf3f9 | B27: 31 | C27: F | D27: 13 | E27: 1 | F27: Yes | G27: Persecutory | H27: 297.1 Disturbo delirante | I27: (297.1) Disturbo delirante | L27: BBB | M27: Schizophrenia and other psychoses | N27: Scompenso psicotico | O27: 45604 | P27: 45630 | Q27: Psicosi NAS | AH27: Sertralina | AI27: 100 mg ore 8 | AJ27: Aripiprazolo LAI | AK27: 400 mg/ 4 sett | AL27: BBB | AM27: BBB | AN27: BBB | AO27: BBB | AP27: BBB | AQ27: BBB | AR27: BBB | AS27: BBB | AT27: BBB | AU27: BBB | AV27: BBB | AW27: BBB | AX27: 2 | AZ27: No | BA27: =(P27-O27) -> 26 | BG27: 45608 | BH27: 4 | BI27: 2 | BJ27: 4 | BK27: 4 | BL27: 4 | BM27: 4 | BN27: 3 | BO27: =SUM(Foglio1!$BH27:$BM27) -> 22 | BP27: 5 | BQ27: 0 | BR27: 0 | BS27: 55 | BT27: 4 | BU27: 1 | BV27: 1 | BW27: 1 | BX27: 1 | BY27: 4 | BZ27: 3 | CA27: 1 | CB27: 1 | CC27: 1 | CD27: 1 | CE27: 1 | CF27: 1 | CG27: 1 | CH27: 1 | CI27: 3 | CJ27: 1 | CK27: 4 | CL27: 1 | CM27: 3 | CN27: 1 | CO27: 1 | CP27: 2 | CQ27: 1 | CR27: 1 | CS27: 5 | CT27: 1 | CU27: 1 | CV27: 5 | CW27: 3 | CX27: =SUM(Foglio1!$BT27:$CW27) -> 56 | CY27: =SUM(Foglio1!$BT27+Foglio1!$BV27+Foglio1!$CP27+Foglio1!$BY27+Foglio1!$BX27+Foglio1!$CH27+Foglio1!$CS27+Foglio1!$CW27-Foglio1!$CE27) -> 20 | CZ27: =SUM(Foglio1!$CF27+Foglio1!$CA27+Foglio1!$CB27+Foglio1!$CD27+Foglio1!$CN27+Foglio1!$CC27+Foglio1!$CW27+Foglio1!$CO27+Foglio1!$CT27-Foglio1!$BU27) -> 10 | DA27: =SUM(Foglio1!$CG27+Foglio1!$CR27+Foglio1!$CQ27+Foglio1!$BU27+Foglio1!$CE27+Foglio1!$CL27+Foglio1!$CS27+Foglio1!$CT27+Foglio1!$CV27+Foglio1!$CP27) -> 19 | DB27: =SUM(Foglio1!$CU27+Foglio1!$BW27+Foglio1!$BZ27+Foglio1!$CO27+Foglio1!$BX27+Foglio1!$CC27+Foglio1!$CK27+Foglio1!$CW27) -> 15 | DC27: =SUM(Foglio1!$CI27+Foglio1!$CM27+Foglio1!$CJ27+Foglio1!$CK27+Foglio1!$BY27+Foglio1!$CH27+Foglio1!$CV27+Foglio1!$CW27) -> 24 | DD27: 0 | DE27: 2 | DF27: 0 | DG27: 0 | DH27: 0 | DI27: 0 | DJ27: 0 | DK27: 0 | DL27: 0 | DM27: 1 | DN27: 0 | DO27: 0 | DP27: 0 | DQ27: 0 | DR27: 0 | DS27: 0 | DT27: 0 | DU27: 0 | DV27: 0 | DW27: 0 | DX27: 0 | DY27: 0 | DZ27: 2 | EA27: 3 | EB27: 0 | EC27: 0 | ED27: 0 | EE27: 4 | EF27: 0 | EG27: 0 | EH27: =(Foglio1!$DE27+Foglio1!$DH27+Foglio1!$DG27+Foglio1!$DF27+Foglio1!$DM27+Foglio1!$DD27+Foglio1!$DO27+Foglio1!$DL27+Foglio1!$DN27+Foglio1!$DQ27+Foglio1!$DP27+Foglio1!$DT27+Foglio1!$DI27+Foglio1!$DK27+Foglio1!$DU27) -> 3 | EI27: =(Foglio1!$EA27+Foglio1!$EB27+Foglio1!$EE27+Foglio1!$EC27+Foglio1!$ED27+Foglio1!$DZ27+Foglio1!$DY27) -> 9 | EJ27: =(Foglio1!$DW27+Foglio1!$DV27+Foglio1!$DX27) -> 0 | EK27: =(Foglio1!$EG27+Foglio1!$EF27) -> 0 | EL27: 1 | EM27: 0 | EN27: 1 | EO27: 1 | EP27: {=SUM(EL27:EO27/4)} -> 0.75 | EQ27: 1 | ER27: 1 | ES27: 0 | ET27: 1 | EU27: Era un po' ironico | EV27: 1 | EW27: Che prenda una posizione in merito e cerchi una soluzione | EX27: 1 | EY27: =(Foglio1!$EQ27+Foglio1!$ER27+Foglio1!$ES27+Foglio1!$ET27+Foglio1!$EV27+Foglio1!$EX27)/6 -> 0.83333333 | EZ27: 1 | FA27: 1 | FB27: 1 | FC27: =(Foglio1!$EZ27+Foglio1!$FA27+Foglio1!$FB27)/3 -> 1 | FD27: 0 | FE27: 1 | FF27: =(Foglio1!$FD27+Foglio1!$FE27)/2 -> 0.5 | FG27: Per dire che sono un elemento prezioso, sono diamanti | FH27: 1 | FI27: Che bisogna crearsi l'occasione giusta | FJ27: 0 | FK27: Non basta fare cose semplici ma magari andare oltre nelle cose | FL27: 0 | FM27: =(Foglio1!$FH27+Foglio1!$FJ27+Foglio1!$FL27)/3 -> 0.33333333 | FN27: =(Foglio1!$EP27) -> 0.75 | FO27: =(Foglio1!$EY27+Foglio1!$FC27+Foglio1!$FF27+Foglio1!$FM27)/4 -> 0.66666667 | FP27: =(Foglio1!$EP27+Foglio1!$EY27+Foglio1!$FC27+Foglio1!$FF27+Foglio1!$FM27)/5 -> 0.68333333 | FQ27: 45616 | FR27: 1 | FS27: 2 | FT27: 2 | FU27: 2 | FV27: 2 | FW27: 2 | FX27: 2 | FY27: 3 | FZ27: 2 | GA27: 6 | GB27: 65 | GC27: 1 | GD27: 0 | GE27: 0 | GF27: 0 | GG27: 0 | GH27: 2 | GI27: 1 | GJ27: 0 | GK27: 0 | GL27: 0 | GM27: 0 | GN27: 0 | GO27: 0 | GP27: 0 | GQ27: 0 | GR27: 0 | GS27: 0 | GT27: 1 | GU27: 0 | GV27: 1 | GW27: 0 | GX27: 0 | GY27: 0 | GZ27: 0 | HA27: 0 | HB27: 0 | HC27: 0 | HD27: 0 | HE27: 0 | HF27: 0 | HG27: =SUM(GC27:HF27) -> 6 | HH27: =SUM(GC27+GE27+GY27+GH27+GG27+GQ27+HB27+HF27-GN27) -> 3 | HI27: =SUM(GO27+GJ27+GK27+GM27+GW27+GL27+HF27+GX27+HC27-GD27) -> 0 | HJ27: =SUM(GP27+HA27+GZ27+GD27+GN27+GU27+HB27+HC27+HE27+GY27) -> 0 | HK27: =SUM(HD27+GF27+GI27+GX27+GG27+GL27+GT27+HF27) -> 2 | HL27: =SUM(GR27+GV27+GS27+GT27+GH27+GQ27+HE27+HF27) -> 4 | HM27: 1 | HN27: 2 | HO27: 0 | HP27: 0 | HQ27: 0 | HR27: 0 | HS27: 0 | HT27: 0 | HU27: 0 | HV27: 0 | HW27: 0 | HX27: 0 | HY27: 0 | HZ27: 0 | IA27: 0 | IB27: 0 | IC27: 0 | ID27: 0 | IE27: 0 | IF27: 0 | IG27: 2 | IH27: 1 | II27: 3 | IJ27: 2 | IK27: 0 | IL27: 0 | IM27: 0 | IN27: 0 | IO27: 3 | IP27: 3 | IQ27: =SUM(HN27+HQ27+HP27+HO27+HV27+HM27+HX27+HU27+HW27+HZ27+HY27+IC27+HR27+HT27+ID27) -> 3 | IR27: =SUM(IJ27+IK27+IN27+IL27+IM27+II27+IH27) -> 6 | IS27: =SUM(IF27+IE27+IG27) -> 2 | IT27: =SUM(IP27+IO27) -> 6 | IU27: AAA | IV27: AAA | IW27: AAA | IX27: AAA | IY27: 1 | IZ27: 1 | JA27: 1 | JB27: 1 | JC27: =(Foglio1!$IY27+Foglio1!$IZ27+Foglio1!$JA27+Foglio1!$JB27)/4 -> 1 | JD27: 1 | JE27: 1 | JF27: 1 | JG27: 1 | JH27: una ricchezza bella della città | JI27: 1 | JJ27: un po' di ironia la sento nella frase è come per dire che non sta prestando abbastanza attenzione al problema della disoccupazione ma ad altre cose | JK27: 1 | JL27: =(Foglio1!$JD27+Foglio1!$JE27+Foglio1!$JF27+Foglio1!$JG27+Foglio1!$JI27+Foglio1!$JK27)/6 -> 1 | JM27: 1 | JN27: 1 | JO27: 1 | JP27: =(Foglio1!$JM27+Foglio1!$JN27+Foglio1!$JO27)/3 -> 1 | JQ27: 1 | JR27: 0 | JS27: =(Foglio1!$JQ27+Foglio1!$JR27)/2 -> 0.5 | JT27: sono appiccicosi stanno molto addosso | JU27: 0 | JV27: Può essere magari una persona che parla tanto ma alla fine non fa del male | JW27: 1 | JX27: Che bisogna sempre guardare entrambi i lati di una cosa, entrambi gli aspetti di una situazione | JY27: 1 | JZ27: =(Foglio1!$JU27+Foglio1!$JW27+Foglio1!$JY27)/3 -> 0.66666667 | KA27: =(Foglio1!$JC27) -> 1 | KB27: =(Foglio1!$JL27+Foglio1!$JP27+Foglio1!$JS27+Foglio1!$JZ27)/4 -> 0.79166667 | KC27: =(Foglio1!$JC27+Foglio1!$JL27+Foglio1!$JP27+Foglio1!$JS27+Foglio1!$JZ27)/5 -> 0.83333333 | KD27: forse che sono in continua evoluzione, cioè in continuo cambiamento | KE27: 1 | KF27: 2 | KG27: pungente o pungenti, spigolose | KH27: 1 | KI27: 2 | KJ27: i figli comunque sono un pilastro per magari i genitori. Cioè un punto fermo | KK27: 1 | KL27: 2 | KM27: Ha un abito magari molto sfarzoso | KN27: 2 | KO27: 1 | KP27: sono punti fermi | KQ27: 2 | KR27: 3 | KS27: vanno piano, camminano lentamente | KT27: 2 | KU27: 1 | KV27: avrà avuto un occhio nero | KW27: 2 | KX27: 1 | KY27: a volte magari hanno dei pensieri sopra magari il pensiero comune | KZ27: 2 | LA27: 3 | LB27: che sono stonati | LC27: 0 | LD27: 1 | LE27: sono punti fermi per ognuno di noi | LF27: 1 | LG27: 2 | LH27: perché stanno al sole | LI27: 2 | LJ27: 1 | LK27: sono molto egocentrici, si vantano molto delle cose che dicono, delle cose che fanno | LL27: 2 | LM27: 3 | LN27: sono piccoli e teneri | LO27: 2 | LP27: 2 | LQ27: sono luce magari per uno studente che studia | LR27: 1 | LS27: 2 | LT27: =(Foglio1!$KE27+Foglio1!$KH27+Foglio1!$KK27+Foglio1!$KN27+Foglio1!$KQ27+Foglio1!$KT27+Foglio1!$KW27+Foglio1!$KZ27+Foglio1!$LC27+Foglio1!$LF27+Foglio1!$LI27+Foglio1!$LL27+Foglio1!$LO27+Foglio1!$LR27) -> 21 | LU27: =(Foglio1!$KI27+Foglio1!$KF27+Foglio1!$KL27+Foglio1!$KO27+Foglio1!$KR27+Foglio1!$KU27+Foglio1!$KX27+Foglio1!$LA27+Foglio1!$LD27+Foglio1!$LG27+Foglio1!$LJ27+Foglio1!$LM27+Foglio1!$LP27+Foglio1!$LS27) -> 26 | LV27: 33 | LW27: 42 | LX27: 22 | LY27: 21 | LZ27: 0 | MA27: 4 | MB27: 0 | MC27: 2 | MD27: =SUM(LZ27:MC27) -> 6 | ME27: 0 | MF27: 3 | MG27: 2 | MH27: 0 | MI27: =SUM(ME27:MH27) -> 5
